dataset,n,#locales,M,metodo,tiempo
densidad-alta-optimalidad,1,1,5,BT-O,0.000661
densidad-alta-optimalidad,2,2,10,BT-O,0.000587
densidad-alta-optimalidad,3,3,15,BT-O,0.000736
densidad-alta-optimalidad,4,4,20,BT-O,0.000748
densidad-alta-optimalidad,5,5,25,BT-O,0.000793
densidad-alta-optimalidad,6,6,30,BT-O,0.000841
densidad-alta-optimalidad,7,7,35,BT-O,0.001295
densidad-alta-optimalidad,8,8,40,BT-O,0.001397
densidad-alta-optimalidad,9,9,45,BT-O,0.001791
densidad-alta-optimalidad,10,10,50,BT-O,0.002325
densidad-alta-optimalidad,11,11,55,BT-O,0.00286
densidad-alta-optimalidad,12,12,60,BT-O,0.004261
densidad-alta-optimalidad,13,13,65,BT-O,0.003736
densidad-alta-optimalidad,14,14,70,BT-O,0.008156
densidad-alta-optimalidad,15,15,75,BT-O,0.011795
densidad-alta-optimalidad,16,16,80,BT-O,0.014802
densidad-alta-optimalidad,17,17,85,BT-O,0.020305
densidad-alta-optimalidad,18,18,90,BT-O,0.027598
densidad-alta-optimalidad,19,19,95,BT-O,0.070829
densidad-alta-optimalidad,20,20,100,BT-O,0.049938
densidad-alta-optimalidad,21,21,105,BT-O,0.091819
densidad-alta-optimalidad,22,22,110,BT-O,0.175796
densidad-alta-optimalidad,23,23,115,BT-O,0.280841
densidad-alta-optimalidad,24,24,120,BT-O,0.49322
densidad-alta-optimalidad,25,25,125,BT-O,0.775948
densidad-alta-optimalidad,26,26,130,BT-O,1.09683
densidad-alta-optimalidad,27,27,135,BT-O,2.09699
densidad-alta-optimalidad,28,28,140,BT-O,3.83799
densidad-alta-optimalidad,29,29,145,BT-O,5.78446
densidad-alta-optimalidad,30,30,150,BT-O,12.1852
densidad-alta-optimalidad,31,31,155,BT-O,17.231
densidad-alta-optimalidad,32,32,160,BT-O,42.5735
densidad-alta-optimalidad,33,33,165,BT-O,59.9754
densidad-alta-optimalidad,34,34,170,BT-O,130.366
densidad-alta-optimalidad,35,35,175,BT-O,217.472
densidad-alta-optimalidad,36,36,180,BT-O,363.12
densidad-alta-optimalidad,37,37,185,BT-O,722.375
densidad-alta-optimalidad,38,38,190,BT-O,1000.06
densidad-alta-optimalidad,39,39,195,BT-O,1388.99
densidad-alta-optimalidad,40,40,200,BT-O,2452.2
densidad-alta-optimalidad,41,41,205,BT-O,5502.36
densidad-alta-optimalidad,42,42,210,BT-O,8334.38
densidad-alta-optimalidad,43,43,215,BT-O,13472.0
densidad-baja-optimalidad,1,1,5,BT-O,0.000505
densidad-baja-optimalidad,2,2,10,BT-O,0.000515
densidad-baja-optimalidad,3,3,15,BT-O,0.000605
densidad-baja-optimalidad,4,4,20,BT-O,0.000786
densidad-baja-optimalidad,5,5,25,BT-O,0.000644
densidad-baja-optimalidad,6,6,30,BT-O,0.000819
densidad-baja-optimalidad,7,7,35,BT-O,0.000889
densidad-baja-optimalidad,8,8,40,BT-O,0.000807
densidad-baja-optimalidad,9,9,45,BT-O,0.001179
densidad-baja-optimalidad,10,10,50,BT-O,0.001295
densidad-baja-optimalidad,11,11,55,BT-O,0.001784
densidad-baja-optimalidad,12,12,60,BT-O,0.001154
densidad-baja-optimalidad,13,13,65,BT-O,0.001906
densidad-baja-optimalidad,14,14,70,BT-O,0.001502
densidad-baja-optimalidad,15,15,75,BT-O,0.001594
densidad-baja-optimalidad,16,16,80,BT-O,0.002611
densidad-baja-optimalidad,17,17,85,BT-O,0.004415
densidad-baja-optimalidad,18,18,90,BT-O,0.002267
densidad-baja-optimalidad,19,19,95,BT-O,0.006287
densidad-baja-optimalidad,20,20,100,BT-O,0.005666
densidad-baja-optimalidad,21,21,105,BT-O,0.011389
densidad-baja-optimalidad,22,22,110,BT-O,0.011769
densidad-baja-optimalidad,23,23,115,BT-O,0.010162
densidad-baja-optimalidad,24,24,120,BT-O,0.018727
densidad-baja-optimalidad,25,25,125,BT-O,0.022221
densidad-baja-optimalidad,26,26,130,BT-O,0.030107
densidad-baja-optimalidad,27,27,135,BT-O,0.035623
densidad-baja-optimalidad,28,28,140,BT-O,0.085305
densidad-baja-optimalidad,29,29,145,BT-O,0.064805
densidad-baja-optimalidad,30,30,150,BT-O,0.111311
densidad-baja-optimalidad,31,31,155,BT-O,0.063201
densidad-baja-optimalidad,32,32,160,BT-O,0.263193
densidad-baja-optimalidad,33,33,165,BT-O,0.283582
densidad-baja-optimalidad,34,34,170,BT-O,0.209842
densidad-baja-optimalidad,35,35,175,BT-O,0.514359
densidad-baja-optimalidad,36,36,180,BT-O,0.470657
densidad-baja-optimalidad,37,37,185,BT-O,0.773582
densidad-baja-optimalidad,38,38,190,BT-O,1.86357
densidad-baja-optimalidad,39,39,195,BT-O,2.78878
densidad-baja-optimalidad,40,40,200,BT-O,3.44762
densidad-baja-optimalidad,41,41,205,BT-O,4.09172
densidad-baja-optimalidad,42,42,210,BT-O,10.6389
densidad-baja-optimalidad,43,43,215,BT-O,28.4087
densidad-media-optimalidad,1,1,5,BT-O,0.00059
densidad-media-optimalidad,2,2,10,BT-O,0.000596
densidad-media-optimalidad,3,3,15,BT-O,0.000671
densidad-media-optimalidad,4,4,20,BT-O,0.000707
densidad-media-optimalidad,5,5,25,BT-O,0.000846
densidad-media-optimalidad,6,6,30,BT-O,0.000713
densidad-media-optimalidad,7,7,35,BT-O,0.001101
densidad-media-optimalidad,8,8,40,BT-O,0.001152
densidad-media-optimalidad,9,9,45,BT-O,0.001171
densidad-media-optimalidad,10,10,50,BT-O,0.001797
densidad-media-optimalidad,11,11,55,BT-O,0.001468
densidad-media-optimalidad,12,12,60,BT-O,0.002274
densidad-media-optimalidad,13,13,65,BT-O,0.003201
densidad-media-optimalidad,14,14,70,BT-O,0.003238
densidad-media-optimalidad,15,15,75,BT-O,0.006163
densidad-media-optimalidad,16,16,80,BT-O,0.002334
densidad-media-optimalidad,17,17,85,BT-O,0.005685
densidad-media-optimalidad,18,18,90,BT-O,0.017085
densidad-media-optimalidad,19,19,95,BT-O,0.00327
densidad-media-optimalidad,20,20,100,BT-O,0.013417
densidad-media-optimalidad,21,21,105,BT-O,0.0109
densidad-media-optimalidad,22,22,110,BT-O,0.018876
densidad-media-optimalidad,23,23,115,BT-O,0.090931
densidad-media-optimalidad,24,24,120,BT-O,0.052563
densidad-media-optimalidad,25,25,125,BT-O,0.196713
densidad-media-optimalidad,26,26,130,BT-O,0.218368
densidad-media-optimalidad,27,27,135,BT-O,0.37558
densidad-media-optimalidad,28,28,140,BT-O,0.709344
densidad-media-optimalidad,29,29,145,BT-O,0.318269
densidad-media-optimalidad,30,30,150,BT-O,0.650595
densidad-media-optimalidad,31,31,155,BT-O,0.798151
densidad-media-optimalidad,32,32,160,BT-O,0.395301
densidad-media-optimalidad,33,33,165,BT-O,9.64998
densidad-media-optimalidad,34,34,170,BT-O,3.7171
densidad-media-optimalidad,35,35,175,BT-O,6.01638
densidad-media-optimalidad,36,36,180,BT-O,8.28535
densidad-media-optimalidad,37,37,185,BT-O,50.2789
densidad-media-optimalidad,38,38,190,BT-O,58.3405
densidad-media-optimalidad,39,39,195,BT-O,181.919
densidad-media-optimalidad,40,40,200,BT-O,57.1676
densidad-media-optimalidad,41,41,205,BT-O,41.3813
densidad-media-optimalidad,42,42,210,BT-O,380.894
densidad-media-optimalidad,43,43,215,BT-O,743.896
programacion-dinamica-contra-backtracking,1,45,500,DP,0.471428
programacion-dinamica-contra-backtracking,2,45,750,DP,0.761308
programacion-dinamica-contra-backtracking,3,45,1000,DP,0.963912
programacion-dinamica-contra-backtracking,4,45,1250,DP,1.05056
programacion-dinamica-contra-backtracking,5,45,1500,DP,1.47201
programacion-dinamica-contra-backtracking,6,45,1750,DP,1.46579
programacion-dinamica-contra-backtracking,7,45,2000,DP,1.86394
programacion-dinamica-contra-backtracking,8,45,2250,DP,1.95336
programacion-dinamica-contra-backtracking,9,45,2500,DP,2.30776
programacion-dinamica-contra-backtracking,10,45,2750,DP,2.73529
programacion-dinamica-contra-backtracking,11,45,3000,DP,2.71474
programacion-dinamica-contra-backtracking,12,45,3250,DP,3.1147
programacion-dinamica-contra-backtracking,13,45,3500,DP,2.72623
programacion-dinamica-contra-backtracking,14,45,3750,DP,3.3731
programacion-dinamica-contra-backtracking,15,45,4000,DP,2.92964
programacion-dinamica-contra-backtracking,16,45,4250,DP,3.89037
programacion-dinamica-contra-backtracking,17,45,4500,DP,4.20188
programacion-dinamica-contra-backtracking,18,45,4750,DP,4.02364
programacion-dinamica-contra-backtracking,19,45,5000,DP,4.54284
programacion-dinamica-contra-backtracking,20,45,5250,DP,4.49487
programacion-dinamica-contra-backtracking,21,45,5500,DP,5.08949
programacion-dinamica-contra-backtracking,22,45,5750,DP,5.26293
programacion-dinamica-contra-backtracking,23,45,6000,DP,5.30508
programacion-dinamica-contra-backtracking,24,45,6250,DP,5.13626
programacion-dinamica-contra-backtracking,25,45,6500,DP,5.46004
programacion-dinamica-contra-backtracking,26,45,6750,DP,5.82005
programacion-dinamica-contra-backtracking,27,45,7000,DP,6.06545
programacion-dinamica-contra-backtracking,28,45,7250,DP,6.13464
programacion-dinamica-contra-backtracking,29,45,7500,DP,6.64204
programacion-dinamica-contra-backtracking,30,45,7750,DP,6.96878
programacion-dinamica-contra-backtracking,31,45,8000,DP,6.7663
programacion-dinamica-contra-backtracking,32,45,8250,DP,6.93675
programacion-dinamica-contra-backtracking,33,45,8500,DP,6.90565
programacion-dinamica-contra-backtracking,34,45,8750,DP,7.64646
programacion-dinamica-contra-backtracking,35,45,9000,DP,8.34772
programacion-dinamica-contra-backtracking,36,45,9250,DP,7.85213
programacion-dinamica-contra-backtracking,37,45,9500,DP,7.76186
programacion-dinamica-contra-backtracking,38,45,9750,DP,7.87958
programacion-dinamica-contra-backtracking,39,45,10000,DP,8.68147
programacion-dinamica-contra-backtracking,40,45,10250,DP,9.13989
programacion-dinamica-contra-backtracking,41,45,10500,DP,9.26924
programacion-dinamica-contra-backtracking,42,45,10750,DP,9.65742
programacion-dinamica-contra-backtracking,43,45,11000,DP,9.15874
programacion-dinamica-contra-backtracking,44,45,11250,DP,10.1809
programacion-dinamica-contra-backtracking,45,45,11500,DP,10.4184
programacion-dinamica-contra-backtracking,46,45,11750,DP,10.5388
programacion-dinamica-contra-backtracking,47,45,12000,DP,9.8944
programacion-dinamica-contra-backtracking,48,45,12250,DP,10.64
programacion-dinamica-contra-backtracking,49,45,12500,DP,10.7869
programacion-dinamica-contra-backtracking,50,45,12750,DP,10.0249
programacion-dinamica-contra-backtracking,51,45,13000,DP,11.647
programacion-dinamica-contra-backtracking,52,45,13250,DP,10.7412
programacion-dinamica-contra-backtracking,53,45,13500,DP,12.1556
programacion-dinamica-contra-backtracking,54,45,13750,DP,13.1707
programacion-dinamica-contra-backtracking,55,45,14000,DP,11.1589
programacion-dinamica-contra-backtracking,56,45,14250,DP,12.2788
programacion-dinamica-contra-backtracking,57,45,14500,DP,13.2181
programacion-dinamica-contra-backtracking,58,45,14750,DP,12.2151
programacion-dinamica-contra-backtracking,59,45,15000,DP,10.8952
programacion-dinamica-contra-backtracking,60,45,15250,DP,13.4966
programacion-dinamica-contra-backtracking,61,45,15500,DP,13.5054
programacion-dinamica-contra-backtracking,62,45,15750,DP,14.6807
programacion-dinamica-contra-backtracking,63,45,16000,DP,15.1421
programacion-dinamica-contra-backtracking,64,45,16250,DP,15.0392
programacion-dinamica-contra-backtracking,65,45,16500,DP,14.9641
programacion-dinamica-contra-backtracking,66,45,16750,DP,14.6392
programacion-dinamica-contra-backtracking,67,45,17000,DP,13.5687
programacion-dinamica-contra-backtracking,68,45,17250,DP,14.5433
programacion-dinamica-contra-backtracking,69,45,17500,DP,14.3182
programacion-dinamica-contra-backtracking,70,45,17750,DP,15.532
programacion-dinamica-contra-backtracking,71,45,18000,DP,16.7504
programacion-dinamica-contra-backtracking,72,45,18250,DP,13.771
programacion-dinamica-contra-backtracking,73,45,18500,DP,15.3843
programacion-dinamica-contra-backtracking,74,45,18750,DP,16.0268
programacion-dinamica-contra-backtracking,75,45,19000,DP,14.2363
programacion-dinamica-contra-backtracking,76,45,19250,DP,16.2981
programacion-dinamica-contra-backtracking,77,45,19500,DP,16.9198
programacion-dinamica-contra-backtracking,78,45,19750,DP,14.7021
programacion-dinamica-contra-backtracking,79,45,20000,DP,16.6472
programacion-dinamica-contra-backtracking,80,45,20250,DP,18.2261
programacion-dinamica-contra-backtracking,81,45,20500,DP,19.2341
programacion-dinamica-contra-backtracking,82,45,20750,DP,19.6758
programacion-dinamica-contra-backtracking,83,45,21000,DP,19.4433
programacion-dinamica-contra-backtracking,84,45,21250,DP,17.3656
programacion-dinamica-contra-backtracking,85,45,21500,DP,19.1976
programacion-dinamica-contra-backtracking,86,45,21750,DP,19.6379
programacion-dinamica-contra-backtracking,87,45,22000,DP,18.1289
programacion-dinamica-contra-backtracking,88,45,22250,DP,17.8661
programacion-dinamica-contra-backtracking,89,45,22500,DP,20.2405
programacion-dinamica-contra-backtracking,90,45,22750,DP,19.9795
programacion-dinamica-contra-backtracking,91,45,23000,DP,19.25
programacion-dinamica-contra-backtracking,92,45,23250,DP,17.5816
programacion-dinamica-contra-backtracking,93,45,23500,DP,20.4483
programacion-dinamica-contra-backtracking,94,45,23750,DP,20.0039
programacion-dinamica-contra-backtracking,95,45,24000,DP,20.5544
programacion-dinamica-contra-backtracking,96,45,24250,DP,18.483
programacion-dinamica-contra-backtracking,97,45,24500,DP,21.8907
programacion-dinamica-contra-backtracking,98,45,24750,DP,22.3115
programacion-dinamica-contra-backtracking,99,45,25000,DP,22.5144
programacion-dinamica-contra-backtracking,100,45,25250,DP,21.6739
programacion-dinamica-contra-backtracking,101,45,25500,DP,23.0471
programacion-dinamica-contra-backtracking,102,45,25750,DP,23.4783
programacion-dinamica-contra-backtracking,103,45,26000,DP,23.2275
programacion-dinamica-contra-backtracking,104,45,26250,DP,24.3248
programacion-dinamica-contra-backtracking,105,45,26500,DP,22.7439
programacion-dinamica-contra-backtracking,106,45,26750,DP,19.3013
programacion-dinamica-contra-backtracking,107,45,27000,DP,24.5279
programacion-dinamica-contra-backtracking,108,45,27250,DP,23.2554
programacion-dinamica-contra-backtracking,109,45,27500,DP,25.2498
programacion-dinamica-contra-backtracking,110,45,27750,DP,23.4458
programacion-dinamica-contra-backtracking,111,45,28000,DP,24.9169
programacion-dinamica-contra-backtracking,112,45,28250,DP,24.4627
programacion-dinamica-contra-backtracking,113,45,28500,DP,24.8658
programacion-dinamica-contra-backtracking,114,45,28750,DP,24.3844
programacion-dinamica-contra-backtracking,115,45,29000,DP,25.6697
programacion-dinamica-contra-backtracking,116,45,29250,DP,24.6686
programacion-dinamica-contra-backtracking,117,45,29500,DP,23.9342
programacion-dinamica-contra-backtracking,118,45,29750,DP,23.8009
programacion-dinamica-contra-backtracking,119,45,30000,DP,26.3285
programacion-dinamica-contra-backtracking,120,45,30250,DP,23.9834
programacion-dinamica-contra-backtracking,121,45,30500,DP,22.541
programacion-dinamica-contra-backtracking,122,45,30750,DP,23.3128
programacion-dinamica-contra-backtracking,123,45,31000,DP,26.4576
programacion-dinamica-contra-backtracking,124,45,31250,DP,27.9435
programacion-dinamica-contra-backtracking,125,45,31500,DP,27.3158
programacion-dinamica-contra-backtracking,126,45,31750,DP,28.5512
programacion-dinamica-contra-backtracking,127,45,32000,DP,25.0744
programacion-dinamica-contra-backtracking,128,45,32250,DP,28.2155
programacion-dinamica-contra-backtracking,129,45,32500,DP,27.6128
programacion-dinamica-contra-backtracking,130,45,32750,DP,25.8623
programacion-dinamica-contra-backtracking,131,45,33000,DP,27.5244
programacion-dinamica-contra-backtracking,132,45,33250,DP,30.2332
programacion-dinamica-contra-backtracking,133,45,33500,DP,29.3949
programacion-dinamica-contra-backtracking,134,45,33750,DP,29.4193
programacion-dinamica-contra-backtracking,135,45,34000,DP,27.7577
programacion-dinamica-contra-backtracking,136,45,34250,DP,28.3072
programacion-dinamica-contra-backtracking,137,45,34500,DP,31.1825
programacion-dinamica-contra-backtracking,138,45,34750,DP,31.3802
programacion-dinamica-contra-backtracking,139,45,35000,DP,30.9112
programacion-dinamica-contra-backtracking,140,45,35250,DP,30.6296
programacion-dinamica-contra-backtracking,141,45,35500,DP,33.1313
programacion-dinamica-contra-backtracking,142,45,35750,DP,29.1264
programacion-dinamica-contra-backtracking,143,45,36000,DP,31.3323
programacion-dinamica-contra-backtracking,144,45,36250,DP,31.276
programacion-dinamica-contra-backtracking,145,45,36500,DP,32.9864
programacion-dinamica-contra-backtracking,146,45,36750,DP,29.2888
programacion-dinamica-contra-backtracking,147,45,37000,DP,33.226
programacion-dinamica-contra-backtracking,148,45,37250,DP,34.6321
programacion-dinamica-contra-backtracking,149,45,37500,DP,32.3794
programacion-dinamica-contra-backtracking,150,45,37750,DP,27.6025
programacion-dinamica-contra-backtracking,151,45,38000,DP,33.1637
programacion-dinamica-contra-backtracking,152,45,38250,DP,34.3705
programacion-dinamica-contra-backtracking,153,45,38500,DP,35.3958
programacion-dinamica-contra-backtracking,154,45,38750,DP,29.6626
programacion-dinamica-contra-backtracking,155,45,39000,DP,35.3287
programacion-dinamica-contra-backtracking,156,45,39250,DP,35.0972
programacion-dinamica-contra-backtracking,157,45,39500,DP,32.8096
programacion-dinamica-contra-backtracking,158,45,39750,DP,32.9608
programacion-dinamica-contra-backtracking,159,45,40000,DP,34.9237
programacion-dinamica-contra-backtracking,160,45,40250,DP,34.2842
programacion-dinamica-contra-backtracking,161,45,40500,DP,36.4575
programacion-dinamica-contra-backtracking,162,45,40750,DP,35.612
programacion-dinamica-contra-backtracking,163,45,41000,DP,37.4863
programacion-dinamica-contra-backtracking,164,45,41250,DP,34.6349
programacion-dinamica-contra-backtracking,165,45,41500,DP,33.739
programacion-dinamica-contra-backtracking,166,45,41750,DP,36.8554
programacion-dinamica-contra-backtracking,167,45,42000,DP,31.5552
programacion-dinamica-contra-backtracking,168,45,42250,DP,37.53
programacion-dinamica-contra-backtracking,169,45,42500,DP,37.3527
programacion-dinamica-contra-backtracking,170,45,42750,DP,34.3892
programacion-dinamica-contra-backtracking,171,45,43000,DP,38.1184
programacion-dinamica-contra-backtracking,172,45,43250,DP,34.6604
programacion-dinamica-contra-backtracking,173,45,43500,DP,37.6755
programacion-dinamica-contra-backtracking,174,45,43750,DP,36.8063
programacion-dinamica-contra-backtracking,175,45,44000,DP,38.6315
programacion-dinamica-contra-backtracking,176,45,44250,DP,39.2926
programacion-dinamica-contra-backtracking,177,45,44500,DP,34.6203
programacion-dinamica-contra-backtracking,178,45,44750,DP,38.295
programacion-dinamica-contra-backtracking,179,45,45000,DP,39.9417
programacion-dinamica-contra-backtracking,180,45,45250,DP,40.0778
programacion-dinamica-contra-backtracking,181,45,45500,DP,45.0401
programacion-dinamica-contra-backtracking,182,45,45750,DP,37.2576
programacion-dinamica-contra-backtracking,183,45,46000,DP,37.0465
programacion-dinamica-contra-backtracking,184,45,46250,DP,39.4368
programacion-dinamica-contra-backtracking,185,45,46500,DP,43.5183
programacion-dinamica-contra-backtracking,186,45,46750,DP,37.1219
programacion-dinamica-contra-backtracking,187,45,47000,DP,39.209
programacion-dinamica-contra-backtracking,188,45,47250,DP,43.8844
programacion-dinamica-contra-backtracking,189,45,47500,DP,35.7859
programacion-dinamica-contra-backtracking,190,45,47750,DP,39.0364
programacion-dinamica-contra-backtracking,191,45,48000,DP,41.9696
programacion-dinamica-contra-backtracking,192,45,48250,DP,43.2697
programacion-dinamica-contra-backtracking,193,45,48500,DP,42.3332
programacion-dinamica-contra-backtracking,194,45,48750,DP,39.9424
programacion-dinamica-contra-backtracking,195,45,49000,DP,44.5453
programacion-dinamica-contra-backtracking,196,45,49250,DP,45.6231
programacion-dinamica-contra-backtracking,197,45,49500,DP,38.7211
programacion-dinamica-contra-backtracking,198,45,49750,DP,45.9198
programacion-dinamica-contra-backtracking,199,45,50000,DP,45.9151
programacion-dinamica-contra-backtracking,200,45,50250,DP,43.1992
programacion-dinamica-contra-backtracking,201,45,50500,DP,44.5535
programacion-dinamica-contra-backtracking,202,45,50750,DP,41.8391
programacion-dinamica-contra-backtracking,203,45,51000,DP,44.6328
programacion-dinamica-contra-backtracking,204,45,51250,DP,39.3124
programacion-dinamica-contra-backtracking,205,45,51500,DP,45.5623
programacion-dinamica-contra-backtracking,206,45,51750,DP,44.5154
programacion-dinamica-contra-backtracking,207,45,52000,DP,45.375
programacion-dinamica-contra-backtracking,208,45,52250,DP,46.7433
programacion-dinamica-contra-backtracking,209,45,52500,DP,43.4144
programacion-dinamica-contra-backtracking,210,45,52750,DP,43.5691
programacion-dinamica-contra-backtracking,211,45,53000,DP,43.5698
programacion-dinamica-contra-backtracking,212,45,53250,DP,45.8041
programacion-dinamica-contra-backtracking,213,45,53500,DP,50.0904
programacion-dinamica-contra-backtracking,214,45,53750,DP,45.4394
programacion-dinamica-contra-backtracking,215,45,54000,DP,47.8429
programacion-dinamica-contra-backtracking,216,45,54250,DP,47.2479
programacion-dinamica-contra-backtracking,217,45,54500,DP,41.3431
programacion-dinamica-contra-backtracking,218,45,54750,DP,46.2851
programacion-dinamica-contra-backtracking,219,45,55000,DP,45.4325
programacion-dinamica-contra-backtracking,220,45,55250,DP,41.6247
programacion-dinamica-contra-backtracking,221,45,55500,DP,51.6115
programacion-dinamica-contra-backtracking,222,45,55750,DP,47.1476
programacion-dinamica-contra-backtracking,223,45,56000,DP,51.3896
programacion-dinamica-contra-backtracking,224,45,56250,DP,50.189
programacion-dinamica-contra-backtracking,225,45,56500,DP,45.9985
programacion-dinamica-contra-backtracking,226,45,56750,DP,50.4798
programacion-dinamica-contra-backtracking,227,45,57000,DP,49.0751
programacion-dinamica-contra-backtracking,228,45,57250,DP,47.3687
programacion-dinamica-contra-backtracking,229,45,57500,DP,40.244
programacion-dinamica-contra-backtracking,230,45,57750,DP,48.4707
programacion-dinamica-contra-backtracking,231,45,58000,DP,45.338
programacion-dinamica-contra-backtracking,232,45,58250,DP,49.4199
programacion-dinamica-contra-backtracking,233,45,58500,DP,54.4862
programacion-dinamica-contra-backtracking,234,45,58750,DP,50.9718
programacion-dinamica-contra-backtracking,235,45,59000,DP,51.5827
programacion-dinamica-contra-backtracking,236,45,59250,DP,55.9023
programacion-dinamica-contra-backtracking,237,45,59500,DP,49.7024
programacion-dinamica-contra-backtracking,238,45,59750,DP,51.3335
programacion-dinamica-contra-backtracking,239,45,60000,DP,48.7076
programacion-dinamica-contra-backtracking,240,45,60250,DP,48.4213
programacion-dinamica-contra-backtracking,241,45,60500,DP,53.8096
programacion-dinamica-contra-backtracking,242,45,60750,DP,56.6364
programacion-dinamica-contra-backtracking,243,45,61000,DP,57.1192
programacion-dinamica-contra-backtracking,244,45,61250,DP,55.9571
programacion-dinamica-contra-backtracking,245,45,61500,DP,54.6
programacion-dinamica-contra-backtracking,246,45,61750,DP,52.2949
programacion-dinamica-contra-backtracking,247,45,62000,DP,51.6683
programacion-dinamica-contra-backtracking,248,45,62250,DP,55.2578
programacion-dinamica-contra-backtracking,249,45,62500,DP,56.6478
programacion-dinamica-contra-backtracking,250,45,62750,DP,53.3487
programacion-dinamica-contra-backtracking,251,45,63000,DP,53.4933
programacion-dinamica-contra-backtracking,252,45,63250,DP,56.7287
programacion-dinamica-contra-backtracking,253,45,63500,DP,47.8596
programacion-dinamica-contra-backtracking,254,45,63750,DP,55.0457
programacion-dinamica-contra-backtracking,255,45,64000,DP,60.1248
programacion-dinamica-contra-backtracking,256,45,64250,DP,56.3939
programacion-dinamica-contra-backtracking,257,45,64500,DP,46.742
programacion-dinamica-contra-backtracking,258,45,64750,DP,57.0414
programacion-dinamica-contra-backtracking,259,45,65000,DP,55.9271
programacion-dinamica-contra-backtracking,260,45,65250,DP,60.1759
programacion-dinamica-contra-backtracking,261,45,65500,DP,57.8164
programacion-dinamica-contra-backtracking,262,45,65750,DP,56.7777
programacion-dinamica-contra-backtracking,263,45,66000,DP,56.6353
programacion-dinamica-contra-backtracking,264,45,66250,DP,61.5788
programacion-dinamica-contra-backtracking,265,45,66500,DP,54.5913
programacion-dinamica-contra-backtracking,266,45,66750,DP,53.0392
programacion-dinamica-contra-backtracking,267,45,67000,DP,55.025
programacion-dinamica-contra-backtracking,268,45,67250,DP,64.4015
programacion-dinamica-contra-backtracking,269,45,67500,DP,58.8754
programacion-dinamica-contra-backtracking,270,45,67750,DP,60.4583
programacion-dinamica-contra-backtracking,271,45,68000,DP,56.4321
programacion-dinamica-contra-backtracking,272,45,68250,DP,58.4732
programacion-dinamica-contra-backtracking,273,45,68500,DP,55.9741
programacion-dinamica-contra-backtracking,274,45,68750,DP,61.4846
programacion-dinamica-contra-backtracking,275,45,69000,DP,58.7897
programacion-dinamica-contra-backtracking,276,45,69250,DP,59.4937
programacion-dinamica-contra-backtracking,277,45,69500,DP,60.1339
programacion-dinamica-contra-backtracking,278,45,69750,DP,54.8747
programacion-dinamica-contra-backtracking,279,45,70000,DP,62.4162
programacion-dinamica-contra-backtracking,280,45,70250,DP,60.5234
programacion-dinamica-contra-backtracking,281,45,70500,DP,62.622
programacion-dinamica-contra-backtracking,282,45,70750,DP,58.1006
programacion-dinamica-contra-backtracking,283,45,71000,DP,58.048
programacion-dinamica-contra-backtracking,284,45,71250,DP,57.6652
programacion-dinamica-contra-backtracking,285,45,71500,DP,65.1801
programacion-dinamica-contra-backtracking,286,45,71750,DP,59.1957
programacion-dinamica-contra-backtracking,287,45,72000,DP,58.7008
programacion-dinamica-contra-backtracking,288,45,72250,DP,62.3817
programacion-dinamica-contra-backtracking,289,45,72500,DP,67.1264
programacion-dinamica-contra-backtracking,290,45,72750,DP,63.7325
programacion-dinamica-contra-backtracking,291,45,73000,DP,58.541
programacion-dinamica-contra-backtracking,292,45,73250,DP,65.0539
programacion-dinamica-contra-backtracking,293,45,73500,DP,67.5403
programacion-dinamica-contra-backtracking,294,45,73750,DP,56.7272
programacion-dinamica-contra-backtracking,295,45,74000,DP,59.306
programacion-dinamica-contra-backtracking,296,45,74250,DP,60.7782
programacion-dinamica-contra-backtracking,297,45,74500,DP,63.8937
programacion-dinamica-contra-backtracking,298,45,74750,DP,63.1643
programacion-dinamica-contra-backtracking,299,45,75000,DP,67.7782
programacion-dinamica-contra-backtracking,300,45,75250,DP,68.2534
programacion-dinamica-contra-backtracking,301,45,75500,DP,67.0585
programacion-dinamica-contra-backtracking,302,45,75750,DP,63.4872
programacion-dinamica-contra-backtracking,303,45,76000,DP,58.4027
programacion-dinamica-contra-backtracking,304,45,76250,DP,68.311
programacion-dinamica-contra-backtracking,305,45,76500,DP,65.6886
programacion-dinamica-contra-backtracking,306,45,76750,DP,57.064
programacion-dinamica-contra-backtracking,307,45,77000,DP,65.7943
programacion-dinamica-contra-backtracking,308,45,77250,DP,64.0516
programacion-dinamica-contra-backtracking,309,45,77500,DP,64.5743
programacion-dinamica-contra-backtracking,310,45,77750,DP,61.8263
programacion-dinamica-contra-backtracking,311,45,78000,DP,68.027
programacion-dinamica-contra-backtracking,312,45,78250,DP,69.0512
programacion-dinamica-contra-backtracking,313,45,78500,DP,64.714
programacion-dinamica-contra-backtracking,314,45,78750,DP,70.8516
programacion-dinamica-contra-backtracking,315,45,79000,DP,73.0802
programacion-dinamica-contra-backtracking,316,45,79250,DP,61.9643
programacion-dinamica-contra-backtracking,317,45,79500,DP,71.2945
programacion-dinamica-contra-backtracking,318,45,79750,DP,65.9488
programacion-dinamica-contra-backtracking,319,45,80000,DP,73.3688
programacion-dinamica-contra-backtracking,320,45,80250,DP,68.8319
programacion-dinamica-contra-backtracking,321,45,80500,DP,71.734
programacion-dinamica-contra-backtracking,322,45,80750,DP,65.7489
programacion-dinamica-contra-backtracking,323,45,81000,DP,73.2117
programacion-dinamica-contra-backtracking,324,45,81250,DP,73.3277
programacion-dinamica-contra-backtracking,325,45,81500,DP,69.1498
programacion-dinamica-contra-backtracking,326,45,81750,DP,70.5163
programacion-dinamica-contra-backtracking,327,45,82000,DP,60.8616
programacion-dinamica-contra-backtracking,328,45,82250,DP,64.0979
programacion-dinamica-contra-backtracking,329,45,82500,DP,70.6496
programacion-dinamica-contra-backtracking,330,45,82750,DP,73.4044
programacion-dinamica-contra-backtracking,331,45,83000,DP,69.8239
programacion-dinamica-contra-backtracking,332,45,83250,DP,66.9096
programacion-dinamica-contra-backtracking,333,45,83500,DP,74.9198
programacion-dinamica-contra-backtracking,334,45,83750,DP,63.6505
programacion-dinamica-contra-backtracking,335,45,84000,DP,73.8139
programacion-dinamica-contra-backtracking,336,45,84250,DP,67.5451
programacion-dinamica-contra-backtracking,337,45,84500,DP,71.7025
programacion-dinamica-contra-backtracking,338,45,84750,DP,65.0005
programacion-dinamica-contra-backtracking,339,45,85000,DP,74.5075
programacion-dinamica-contra-backtracking,340,45,85250,DP,74.0014
programacion-dinamica-contra-backtracking,341,45,85500,DP,76.7182
programacion-dinamica-contra-backtracking,342,45,85750,DP,73.2623
programacion-dinamica-contra-backtracking,343,45,86000,DP,75.1806
programacion-dinamica-contra-backtracking,344,45,86250,DP,74.628
programacion-dinamica-contra-backtracking,345,45,86500,DP,75.7054
programacion-dinamica-contra-backtracking,346,45,86750,DP,76.5903
programacion-dinamica-contra-backtracking,347,45,87000,DP,75.2723
programacion-dinamica-contra-backtracking,348,45,87250,DP,72.5601
programacion-dinamica-contra-backtracking,349,45,87500,DP,76.9563
programacion-dinamica-contra-backtracking,350,45,87750,DP,76.4374
programacion-dinamica-contra-backtracking,351,45,88000,DP,77.3227
programacion-dinamica-contra-backtracking,352,45,88250,DP,79.731
programacion-dinamica-contra-backtracking,353,45,88500,DP,79.4538
programacion-dinamica-contra-backtracking,354,45,88750,DP,77.371
programacion-dinamica-contra-backtracking,355,45,89000,DP,71.5751
programacion-dinamica-contra-backtracking,356,45,89250,DP,73.1368
programacion-dinamica-contra-backtracking,357,45,89500,DP,77.4914
programacion-dinamica-contra-backtracking,358,45,89750,DP,74.1196
programacion-dinamica-contra-backtracking,359,45,90000,DP,73.1379
programacion-dinamica-contra-backtracking,360,45,90250,DP,69.8576
programacion-dinamica-contra-backtracking,361,45,90500,DP,76.751
programacion-dinamica-contra-backtracking,362,45,90750,DP,80.4361
programacion-dinamica-contra-backtracking,363,45,91000,DP,81.5849
programacion-dinamica-contra-backtracking,364,45,91250,DP,76.3548
programacion-dinamica-contra-backtracking,365,45,91500,DP,78.5083
programacion-dinamica-contra-backtracking,366,45,91750,DP,76.8744
programacion-dinamica-contra-backtracking,367,45,92000,DP,79.3555
programacion-dinamica-contra-backtracking,368,45,92250,DP,77.9007
programacion-dinamica-contra-backtracking,369,45,92500,DP,84.8726
programacion-dinamica-contra-backtracking,370,45,92750,DP,78.6049
programacion-dinamica-contra-backtracking,371,45,93000,DP,76.7915
programacion-dinamica-contra-backtracking,372,45,93250,DP,79.6514
programacion-dinamica-contra-backtracking,373,45,93500,DP,84.0818
programacion-dinamica-contra-backtracking,374,45,93750,DP,85.5966
programacion-dinamica-contra-backtracking,375,45,94000,DP,87.1715
programacion-dinamica-contra-backtracking,376,45,94250,DP,86.2272
programacion-dinamica-contra-backtracking,377,45,94500,DP,85.3475
programacion-dinamica-contra-backtracking,378,45,94750,DP,84.6225
programacion-dinamica-contra-backtracking,379,45,95000,DP,80.7911
programacion-dinamica-contra-backtracking,380,45,95250,DP,83.102
programacion-dinamica-contra-backtracking,381,45,95500,DP,86.6624
programacion-dinamica-contra-backtracking,382,45,95750,DP,79.5484
programacion-dinamica-contra-backtracking,383,45,96000,DP,84.0383
programacion-dinamica-contra-backtracking,384,45,96250,DP,79.6039
programacion-dinamica-contra-backtracking,385,45,96500,DP,79.6451
programacion-dinamica-contra-backtracking,386,45,96750,DP,89.4534
programacion-dinamica-contra-backtracking,387,45,97000,DP,85.0111
programacion-dinamica-contra-backtracking,388,45,97250,DP,84.2786
programacion-dinamica-contra-backtracking,389,45,97500,DP,84.9162
programacion-dinamica-contra-backtracking,390,45,97750,DP,80.8508
programacion-dinamica-contra-backtracking,391,45,98000,DP,78.8207
programacion-dinamica-contra-backtracking,392,45,98250,DP,88.3428
programacion-dinamica-contra-backtracking,393,45,98500,DP,85.2317
programacion-dinamica-contra-backtracking,394,45,98750,DP,80.8977
programacion-dinamica-contra-backtracking,395,45,99000,DP,80.7468
programacion-dinamica-contra-backtracking,396,45,99250,DP,88.338
programacion-dinamica-contra-backtracking,397,45,99500,DP,84.4738
programacion-dinamica-contra-backtracking,398,45,99750,DP,86.8442
programacion-dinamica-contra-backtracking,399,45,100000,DP,90.7491
programacion-dinamica-contra-backtracking,400,45,100250,DP,89.4904
programacion-dinamica-contra-backtracking,401,45,100500,DP,90.4602
programacion-dinamica-contra-backtracking,402,45,100750,DP,92.7862
programacion-dinamica-contra-backtracking,403,45,101000,DP,75.885
programacion-dinamica-contra-backtracking,404,45,101250,DP,92.8999
programacion-dinamica-contra-backtracking,405,45,101500,DP,81.8862
programacion-dinamica-contra-backtracking,406,45,101750,DP,91.9661
programacion-dinamica-contra-backtracking,407,45,102000,DP,87.4779
programacion-dinamica-contra-backtracking,408,45,102250,DP,93.2229
programacion-dinamica-contra-backtracking,409,45,102500,DP,77.7355
programacion-dinamica-contra-backtracking,410,45,102750,DP,90.7757
programacion-dinamica-contra-backtracking,411,45,103000,DP,87.3347
programacion-dinamica-contra-backtracking,412,45,103250,DP,89.0611
programacion-dinamica-contra-backtracking,413,45,103500,DP,85.9588
programacion-dinamica-contra-backtracking,414,45,103750,DP,92.1931
programacion-dinamica-contra-backtracking,415,45,104000,DP,89.0921
programacion-dinamica-contra-backtracking,416,45,104250,DP,84.4645
programacion-dinamica-contra-backtracking,417,45,104500,DP,77.0062
programacion-dinamica-contra-backtracking,418,45,104750,DP,82.1493
programacion-dinamica-contra-backtracking,419,45,105000,DP,95.0197
programacion-dinamica-contra-backtracking,420,45,105250,DP,97.0754
programacion-dinamica-contra-backtracking,421,45,105500,DP,90.0611
programacion-dinamica-contra-backtracking,422,45,105750,DP,92.0108
programacion-dinamica-contra-backtracking,423,45,106000,DP,93.3913
programacion-dinamica-contra-backtracking,424,45,106250,DP,92.7958
programacion-dinamica-contra-backtracking,425,45,106500,DP,91.61
programacion-dinamica-contra-backtracking,426,45,106750,DP,93.3354
programacion-dinamica-contra-backtracking,427,45,107000,DP,93.6498
programacion-dinamica-contra-backtracking,428,45,107250,DP,84.8839
programacion-dinamica-contra-backtracking,429,45,107500,DP,88.8444
programacion-dinamica-contra-backtracking,430,45,107750,DP,90.0332
programacion-dinamica-contra-backtracking,431,45,108000,DP,91.6294
programacion-dinamica-contra-backtracking,432,45,108250,DP,100.146
programacion-dinamica-contra-backtracking,433,45,108500,DP,90.5581
programacion-dinamica-contra-backtracking,434,45,108750,DP,92.3497
programacion-dinamica-contra-backtracking,435,45,109000,DP,102.832
programacion-dinamica-contra-backtracking,436,45,109250,DP,88.1307
programacion-dinamica-contra-backtracking,437,45,109500,DP,102.335
programacion-dinamica-contra-backtracking,438,45,109750,DP,92.0985
programacion-dinamica-contra-backtracking,439,45,110000,DP,89.6633
programacion-dinamica-contra-backtracking,440,45,110250,DP,89.1895
programacion-dinamica-contra-backtracking,441,45,110500,DP,91.2983
programacion-dinamica-contra-backtracking,442,45,110750,DP,98.7701
programacion-dinamica-contra-backtracking,443,45,111000,DP,90.7605
programacion-dinamica-contra-backtracking,444,45,111250,DP,87.0254
programacion-dinamica-contra-backtracking,445,45,111500,DP,100.359
programacion-dinamica-contra-backtracking,446,45,111750,DP,98.4949
programacion-dinamica-contra-backtracking,447,45,112000,DP,87.5626
programacion-dinamica-contra-backtracking,448,45,112250,DP,98.3028
programacion-dinamica-contra-backtracking,449,45,112500,DP,99.6005
programacion-dinamica-contra-backtracking,450,45,112750,DP,96.7484
programacion-dinamica-contra-backtracking,451,45,113000,DP,105.184
programacion-dinamica-contra-backtracking,452,45,113250,DP,100.727
programacion-dinamica-contra-backtracking,453,45,113500,DP,100.689
programacion-dinamica-contra-backtracking,454,45,113750,DP,98.6269
programacion-dinamica-contra-backtracking,455,45,114000,DP,103.315
programacion-dinamica-contra-backtracking,456,45,114250,DP,101.112
programacion-dinamica-contra-backtracking,457,45,114500,DP,107.686
programacion-dinamica-contra-backtracking,458,45,114750,DP,98.1579
programacion-dinamica-contra-backtracking,459,45,115000,DP,97.2491
programacion-dinamica-contra-backtracking,460,45,115250,DP,88.1464
programacion-dinamica-contra-backtracking,461,45,115500,DP,98.6298
programacion-dinamica-contra-backtracking,462,45,115750,DP,92.6688
programacion-dinamica-contra-backtracking,463,45,116000,DP,97.325
programacion-dinamica-contra-backtracking,464,45,116250,DP,104.785
programacion-dinamica-contra-backtracking,465,45,116500,DP,92.3601
programacion-dinamica-contra-backtracking,466,45,116750,DP,97.5199
programacion-dinamica-contra-backtracking,467,45,117000,DP,83.7957
programacion-dinamica-contra-backtracking,468,45,117250,DP,91.7966
programacion-dinamica-contra-backtracking,469,45,117500,DP,103.159
programacion-dinamica-contra-backtracking,470,45,117750,DP,100.748
programacion-dinamica-contra-backtracking,471,45,118000,DP,106.916
programacion-dinamica-contra-backtracking,472,45,118250,DP,103.547
programacion-dinamica-contra-backtracking,473,45,118500,DP,103.776
programacion-dinamica-contra-backtracking,474,45,118750,DP,106.769
programacion-dinamica-contra-backtracking,475,45,119000,DP,104.022
programacion-dinamica-contra-backtracking,476,45,119250,DP,93.1429
programacion-dinamica-contra-backtracking,477,45,119500,DP,102.026
programacion-dinamica-contra-backtracking,478,45,119750,DP,105.129
programacion-dinamica-contra-backtracking,479,45,120000,DP,107.07
programacion-dinamica-contra-backtracking,480,45,120250,DP,106.266
programacion-dinamica-contra-backtracking,481,45,120500,DP,104.577
programacion-dinamica-contra-backtracking,482,45,120750,DP,107.615
programacion-dinamica-contra-backtracking,483,45,121000,DP,106.851
programacion-dinamica-contra-backtracking,484,45,121250,DP,109.544
programacion-dinamica-contra-backtracking,485,45,121500,DP,101.237
programacion-dinamica-contra-backtracking,486,45,121750,DP,103.418
programacion-dinamica-contra-backtracking,487,45,122000,DP,106.79
programacion-dinamica-contra-backtracking,488,45,122250,DP,104.093
programacion-dinamica-contra-backtracking,489,45,122500,DP,107.533
programacion-dinamica-contra-backtracking,490,45,122750,DP,108.096
programacion-dinamica-contra-backtracking,491,45,123000,DP,100.839
programacion-dinamica-contra-backtracking,492,45,123250,DP,103.969
programacion-dinamica-contra-backtracking,493,45,123500,DP,110.798
programacion-dinamica-contra-backtracking,494,45,123750,DP,110.083
programacion-dinamica-contra-backtracking,495,45,124000,DP,120.813
programacion-dinamica-contra-backtracking,496,45,124250,DP,102.821
programacion-dinamica-contra-backtracking,497,45,124500,DP,85.6262
programacion-dinamica-contra-backtracking,498,45,124750,DP,109.471
programacion-dinamica-contra-backtracking,1,45,500,BT-A,12.5256
programacion-dinamica-contra-backtracking,2,45,750,BT-A,4.73432
programacion-dinamica-contra-backtracking,3,45,1000,BT-A,5.55699
programacion-dinamica-contra-backtracking,4,45,1250,BT-A,38.7143
programacion-dinamica-contra-backtracking,5,45,1500,BT-A,47.8826
programacion-dinamica-contra-backtracking,6,45,1750,BT-A,13.4772
programacion-dinamica-contra-backtracking,7,45,2000,BT-A,44.6478
programacion-dinamica-contra-backtracking,8,45,2250,BT-A,23.1336
programacion-dinamica-contra-backtracking,9,45,2500,BT-A,9.58815
programacion-dinamica-contra-backtracking,10,45,2750,BT-A,37.4852
programacion-dinamica-contra-backtracking,11,45,3000,BT-A,10.0853
programacion-dinamica-contra-backtracking,12,45,3250,BT-A,6.29635
programacion-dinamica-contra-backtracking,13,45,3500,BT-A,21.9619
programacion-dinamica-contra-backtracking,14,45,3750,BT-A,9.58846
programacion-dinamica-contra-backtracking,15,45,4000,BT-A,8.35591
programacion-dinamica-contra-backtracking,16,45,4250,BT-A,31.4147
programacion-dinamica-contra-backtracking,17,45,4500,BT-A,43.8772
programacion-dinamica-contra-backtracking,18,45,4750,BT-A,21.7168
programacion-dinamica-contra-backtracking,19,45,5000,BT-A,40.5088
programacion-dinamica-contra-backtracking,20,45,5250,BT-A,62.1831
programacion-dinamica-contra-backtracking,21,45,5500,BT-A,39.7192
programacion-dinamica-contra-backtracking,22,45,5750,BT-A,63.3917
programacion-dinamica-contra-backtracking,23,45,6000,BT-A,55.0928
programacion-dinamica-contra-backtracking,24,45,6250,BT-A,30.4654
programacion-dinamica-contra-backtracking,25,45,6500,BT-A,14.542
programacion-dinamica-contra-backtracking,26,45,6750,BT-A,13.9253
programacion-dinamica-contra-backtracking,27,45,7000,BT-A,62.6248
programacion-dinamica-contra-backtracking,28,45,7250,BT-A,37.5352
programacion-dinamica-contra-backtracking,29,45,7500,BT-A,122.371
programacion-dinamica-contra-backtracking,30,45,7750,BT-A,9.8253
programacion-dinamica-contra-backtracking,31,45,8000,BT-A,59.5762
programacion-dinamica-contra-backtracking,32,45,8250,BT-A,50.5201
programacion-dinamica-contra-backtracking,33,45,8500,BT-A,9.40535
programacion-dinamica-contra-backtracking,34,45,8750,BT-A,13.8801
programacion-dinamica-contra-backtracking,35,45,9000,BT-A,35.9519
programacion-dinamica-contra-backtracking,36,45,9250,BT-A,7.05934
programacion-dinamica-contra-backtracking,37,45,9500,BT-A,13.8477
programacion-dinamica-contra-backtracking,38,45,9750,BT-A,39.7495
programacion-dinamica-contra-backtracking,39,45,10000,BT-A,5.04947
programacion-dinamica-contra-backtracking,40,45,10250,BT-A,5.99542
programacion-dinamica-contra-backtracking,41,45,10500,BT-A,75.5321
programacion-dinamica-contra-backtracking,42,45,10750,BT-A,9.98569
programacion-dinamica-contra-backtracking,43,45,11000,BT-A,4.56982
programacion-dinamica-contra-backtracking,44,45,11250,BT-A,39.4267
programacion-dinamica-contra-backtracking,45,45,11500,BT-A,117.248
programacion-dinamica-contra-backtracking,46,45,11750,BT-A,41.4123
programacion-dinamica-contra-backtracking,47,45,12000,BT-A,134.643
programacion-dinamica-contra-backtracking,48,45,12250,BT-A,62.2928
programacion-dinamica-contra-backtracking,49,45,12500,BT-A,30.2111
programacion-dinamica-contra-backtracking,50,45,12750,BT-A,93.1352
programacion-dinamica-contra-backtracking,51,45,13000,BT-A,21.4766
programacion-dinamica-contra-backtracking,52,45,13250,BT-A,25.3072
programacion-dinamica-contra-backtracking,53,45,13500,BT-A,18.7593
programacion-dinamica-contra-backtracking,54,45,13750,BT-A,10.9735
programacion-dinamica-contra-backtracking,55,45,14000,BT-A,11.5132
programacion-dinamica-contra-backtracking,56,45,14250,BT-A,59.86
programacion-dinamica-contra-backtracking,57,45,14500,BT-A,30.7241
programacion-dinamica-contra-backtracking,58,45,14750,BT-A,22.8779
programacion-dinamica-contra-backtracking,59,45,15000,BT-A,5.65784
programacion-dinamica-contra-backtracking,60,45,15250,BT-A,31.9788
programacion-dinamica-contra-backtracking,61,45,15500,BT-A,68.9597
programacion-dinamica-contra-backtracking,62,45,15750,BT-A,85.0306
programacion-dinamica-contra-backtracking,63,45,16000,BT-A,19.886
programacion-dinamica-contra-backtracking,64,45,16250,BT-A,117.703
programacion-dinamica-contra-backtracking,65,45,16500,BT-A,5.80131
programacion-dinamica-contra-backtracking,66,45,16750,BT-A,11.0262
programacion-dinamica-contra-backtracking,67,45,17000,BT-A,42.5389
programacion-dinamica-contra-backtracking,68,45,17250,BT-A,35.8183
programacion-dinamica-contra-backtracking,69,45,17500,BT-A,17.9078
programacion-dinamica-contra-backtracking,70,45,17750,BT-A,60.9686
programacion-dinamica-contra-backtracking,71,45,18000,BT-A,27.6554
programacion-dinamica-contra-backtracking,72,45,18250,BT-A,32.9245
programacion-dinamica-contra-backtracking,73,45,18500,BT-A,56.0669
programacion-dinamica-contra-backtracking,74,45,18750,BT-A,82.7835
programacion-dinamica-contra-backtracking,75,45,19000,BT-A,4.56391
programacion-dinamica-contra-backtracking,76,45,19250,BT-A,12.6767
programacion-dinamica-contra-backtracking,77,45,19500,BT-A,6.90792
programacion-dinamica-contra-backtracking,78,45,19750,BT-A,17.2902
programacion-dinamica-contra-backtracking,79,45,20000,BT-A,32.7788
programacion-dinamica-contra-backtracking,80,45,20250,BT-A,54.2817
programacion-dinamica-contra-backtracking,81,45,20500,BT-A,36.8347
programacion-dinamica-contra-backtracking,82,45,20750,BT-A,7.53146
programacion-dinamica-contra-backtracking,83,45,21000,BT-A,3.8688
programacion-dinamica-contra-backtracking,84,45,21250,BT-A,9.92972
programacion-dinamica-contra-backtracking,85,45,21500,BT-A,10.5838
programacion-dinamica-contra-backtracking,86,45,21750,BT-A,32.6084
programacion-dinamica-contra-backtracking,87,45,22000,BT-A,12.6855
programacion-dinamica-contra-backtracking,88,45,22250,BT-A,8.15875
programacion-dinamica-contra-backtracking,89,45,22500,BT-A,26.1826
programacion-dinamica-contra-backtracking,90,45,22750,BT-A,4.97264
programacion-dinamica-contra-backtracking,91,45,23000,BT-A,24.3267
programacion-dinamica-contra-backtracking,92,45,23250,BT-A,41.6678
programacion-dinamica-contra-backtracking,93,45,23500,BT-A,8.16962
programacion-dinamica-contra-backtracking,94,45,23750,BT-A,13.4688
programacion-dinamica-contra-backtracking,95,45,24000,BT-A,57.747
programacion-dinamica-contra-backtracking,96,45,24250,BT-A,44.9098
programacion-dinamica-contra-backtracking,97,45,24500,BT-A,157.938
programacion-dinamica-contra-backtracking,98,45,24750,BT-A,28.019
programacion-dinamica-contra-backtracking,99,45,25000,BT-A,75.9164
programacion-dinamica-contra-backtracking,100,45,25250,BT-A,13.9913
programacion-dinamica-contra-backtracking,101,45,25500,BT-A,33.2746
programacion-dinamica-contra-backtracking,102,45,25750,BT-A,34.7803
programacion-dinamica-contra-backtracking,103,45,26000,BT-A,5.78153
programacion-dinamica-contra-backtracking,104,45,26250,BT-A,15.3654
programacion-dinamica-contra-backtracking,105,45,26500,BT-A,5.68128
programacion-dinamica-contra-backtracking,106,45,26750,BT-A,98.817
programacion-dinamica-contra-backtracking,107,45,27000,BT-A,20.3613
programacion-dinamica-contra-backtracking,108,45,27250,BT-A,23.2398
programacion-dinamica-contra-backtracking,109,45,27500,BT-A,50.0484
programacion-dinamica-contra-backtracking,110,45,27750,BT-A,27.3356
programacion-dinamica-contra-backtracking,111,45,28000,BT-A,21.2065
programacion-dinamica-contra-backtracking,112,45,28250,BT-A,12.7048
programacion-dinamica-contra-backtracking,113,45,28500,BT-A,43.4703
programacion-dinamica-contra-backtracking,114,45,28750,BT-A,5.12334
programacion-dinamica-contra-backtracking,115,45,29000,BT-A,4.96547
programacion-dinamica-contra-backtracking,116,45,29250,BT-A,28.1978
programacion-dinamica-contra-backtracking,117,45,29500,BT-A,44.1621
programacion-dinamica-contra-backtracking,118,45,29750,BT-A,21.4355
programacion-dinamica-contra-backtracking,119,45,30000,BT-A,78.6649
programacion-dinamica-contra-backtracking,120,45,30250,BT-A,34.8204
programacion-dinamica-contra-backtracking,121,45,30500,BT-A,1.01489
programacion-dinamica-contra-backtracking,122,45,30750,BT-A,21.6387
programacion-dinamica-contra-backtracking,123,45,31000,BT-A,34.9835
programacion-dinamica-contra-backtracking,124,45,31250,BT-A,4.71243
programacion-dinamica-contra-backtracking,125,45,31500,BT-A,25.9869
programacion-dinamica-contra-backtracking,126,45,31750,BT-A,7.77856
programacion-dinamica-contra-backtracking,127,45,32000,BT-A,10.8939
programacion-dinamica-contra-backtracking,128,45,32250,BT-A,25.4918
programacion-dinamica-contra-backtracking,129,45,32500,BT-A,32.0383
programacion-dinamica-contra-backtracking,130,45,32750,BT-A,9.10125
programacion-dinamica-contra-backtracking,131,45,33000,BT-A,8.84934
programacion-dinamica-contra-backtracking,132,45,33250,BT-A,29.3395
programacion-dinamica-contra-backtracking,133,45,33500,BT-A,85.105
programacion-dinamica-contra-backtracking,134,45,33750,BT-A,45.7614
programacion-dinamica-contra-backtracking,135,45,34000,BT-A,17.5714
programacion-dinamica-contra-backtracking,136,45,34250,BT-A,30.5403
programacion-dinamica-contra-backtracking,137,45,34500,BT-A,13.9601
programacion-dinamica-contra-backtracking,138,45,34750,BT-A,40.0167
programacion-dinamica-contra-backtracking,139,45,35000,BT-A,16.2306
programacion-dinamica-contra-backtracking,140,45,35250,BT-A,44.9718
programacion-dinamica-contra-backtracking,141,45,35500,BT-A,20.7896
programacion-dinamica-contra-backtracking,142,45,35750,BT-A,28.7233
programacion-dinamica-contra-backtracking,143,45,36000,BT-A,16.5058
programacion-dinamica-contra-backtracking,144,45,36250,BT-A,21.3275
programacion-dinamica-contra-backtracking,145,45,36500,BT-A,19.8452
programacion-dinamica-contra-backtracking,146,45,36750,BT-A,18.3069
programacion-dinamica-contra-backtracking,147,45,37000,BT-A,51.9393
programacion-dinamica-contra-backtracking,148,45,37250,BT-A,5.76606
programacion-dinamica-contra-backtracking,149,45,37500,BT-A,29.2907
programacion-dinamica-contra-backtracking,150,45,37750,BT-A,6.87846
programacion-dinamica-contra-backtracking,151,45,38000,BT-A,4.81674
programacion-dinamica-contra-backtracking,152,45,38250,BT-A,40.1405
programacion-dinamica-contra-backtracking,153,45,38500,BT-A,22.5502
programacion-dinamica-contra-backtracking,154,45,38750,BT-A,16.9498
programacion-dinamica-contra-backtracking,155,45,39000,BT-A,147.535
programacion-dinamica-contra-backtracking,156,45,39250,BT-A,23.8644
programacion-dinamica-contra-backtracking,157,45,39500,BT-A,8.29294
programacion-dinamica-contra-backtracking,158,45,39750,BT-A,13.0003
programacion-dinamica-contra-backtracking,159,45,40000,BT-A,37.8212
programacion-dinamica-contra-backtracking,160,45,40250,BT-A,38.4186
programacion-dinamica-contra-backtracking,161,45,40500,BT-A,86.6977
programacion-dinamica-contra-backtracking,162,45,40750,BT-A,107.111
programacion-dinamica-contra-backtracking,163,45,41000,BT-A,27.9265
programacion-dinamica-contra-backtracking,164,45,41250,BT-A,21.0282
programacion-dinamica-contra-backtracking,165,45,41500,BT-A,64.6484
programacion-dinamica-contra-backtracking,166,45,41750,BT-A,28.6583
programacion-dinamica-contra-backtracking,167,45,42000,BT-A,67.7191
programacion-dinamica-contra-backtracking,168,45,42250,BT-A,63.7128
programacion-dinamica-contra-backtracking,169,45,42500,BT-A,8.36903
programacion-dinamica-contra-backtracking,170,45,42750,BT-A,61.9541
programacion-dinamica-contra-backtracking,171,45,43000,BT-A,160.726
programacion-dinamica-contra-backtracking,172,45,43250,BT-A,101.982
programacion-dinamica-contra-backtracking,173,45,43500,BT-A,7.88345
programacion-dinamica-contra-backtracking,174,45,43750,BT-A,21.2473
programacion-dinamica-contra-backtracking,175,45,44000,BT-A,7.97714
programacion-dinamica-contra-backtracking,176,45,44250,BT-A,57.1884
programacion-dinamica-contra-backtracking,177,45,44500,BT-A,68.6587
programacion-dinamica-contra-backtracking,178,45,44750,BT-A,72.7903
programacion-dinamica-contra-backtracking,179,45,45000,BT-A,94.3353
programacion-dinamica-contra-backtracking,180,45,45250,BT-A,32.3461
programacion-dinamica-contra-backtracking,181,45,45500,BT-A,2.74154
programacion-dinamica-contra-backtracking,182,45,45750,BT-A,30.6725
programacion-dinamica-contra-backtracking,183,45,46000,BT-A,23.5937
programacion-dinamica-contra-backtracking,184,45,46250,BT-A,99.0449
programacion-dinamica-contra-backtracking,185,45,46500,BT-A,16.8594
programacion-dinamica-contra-backtracking,186,45,46750,BT-A,80.3728
programacion-dinamica-contra-backtracking,187,45,47000,BT-A,26.1844
programacion-dinamica-contra-backtracking,188,45,47250,BT-A,64.268
programacion-dinamica-contra-backtracking,189,45,47500,BT-A,5.01299
programacion-dinamica-contra-backtracking,190,45,47750,BT-A,119.628
programacion-dinamica-contra-backtracking,191,45,48000,BT-A,40.1374
programacion-dinamica-contra-backtracking,192,45,48250,BT-A,26.1349
programacion-dinamica-contra-backtracking,193,45,48500,BT-A,37.0164
programacion-dinamica-contra-backtracking,194,45,48750,BT-A,13.1023
programacion-dinamica-contra-backtracking,195,45,49000,BT-A,17.7695
programacion-dinamica-contra-backtracking,196,45,49250,BT-A,35.9258
programacion-dinamica-contra-backtracking,197,45,49500,BT-A,62.8198
programacion-dinamica-contra-backtracking,198,45,49750,BT-A,69.2617
programacion-dinamica-contra-backtracking,199,45,50000,BT-A,38.6866
programacion-dinamica-contra-backtracking,200,45,50250,BT-A,25.8268
programacion-dinamica-contra-backtracking,201,45,50500,BT-A,63.9666
programacion-dinamica-contra-backtracking,202,45,50750,BT-A,47.9476
programacion-dinamica-contra-backtracking,203,45,51000,BT-A,23.3733
programacion-dinamica-contra-backtracking,204,45,51250,BT-A,21.0001
programacion-dinamica-contra-backtracking,205,45,51500,BT-A,105.072
programacion-dinamica-contra-backtracking,206,45,51750,BT-A,7.11006
programacion-dinamica-contra-backtracking,207,45,52000,BT-A,92.1484
programacion-dinamica-contra-backtracking,208,45,52250,BT-A,71.3524
programacion-dinamica-contra-backtracking,209,45,52500,BT-A,39.5862
programacion-dinamica-contra-backtracking,210,45,52750,BT-A,35.205
programacion-dinamica-contra-backtracking,211,45,53000,BT-A,98.4303
programacion-dinamica-contra-backtracking,212,45,53250,BT-A,7.69917
programacion-dinamica-contra-backtracking,213,45,53500,BT-A,2.1596
programacion-dinamica-contra-backtracking,214,45,53750,BT-A,26.468
programacion-dinamica-contra-backtracking,215,45,54000,BT-A,8.06828
programacion-dinamica-contra-backtracking,216,45,54250,BT-A,19.0934
programacion-dinamica-contra-backtracking,217,45,54500,BT-A,184.387
programacion-dinamica-contra-backtracking,218,45,54750,BT-A,69.2791
programacion-dinamica-contra-backtracking,219,45,55000,BT-A,74.9481
programacion-dinamica-contra-backtracking,220,45,55250,BT-A,5.93048
programacion-dinamica-contra-backtracking,221,45,55500,BT-A,27.6821
programacion-dinamica-contra-backtracking,222,45,55750,BT-A,202.159
programacion-dinamica-contra-backtracking,223,45,56000,BT-A,34.4541
programacion-dinamica-contra-backtracking,224,45,56250,BT-A,63.1567
programacion-dinamica-contra-backtracking,225,45,56500,BT-A,24.0971
programacion-dinamica-contra-backtracking,226,45,56750,BT-A,10.8288
programacion-dinamica-contra-backtracking,227,45,57000,BT-A,16.8472
programacion-dinamica-contra-backtracking,228,45,57250,BT-A,45.2999
programacion-dinamica-contra-backtracking,229,45,57500,BT-A,30.3739
programacion-dinamica-contra-backtracking,230,45,57750,BT-A,11.2271
programacion-dinamica-contra-backtracking,231,45,58000,BT-A,12.6402
programacion-dinamica-contra-backtracking,232,45,58250,BT-A,35.3726
programacion-dinamica-contra-backtracking,233,45,58500,BT-A,32.9649
programacion-dinamica-contra-backtracking,234,45,58750,BT-A,15.7017
programacion-dinamica-contra-backtracking,235,45,59000,BT-A,44.0958
programacion-dinamica-contra-backtracking,236,45,59250,BT-A,24.8611
programacion-dinamica-contra-backtracking,237,45,59500,BT-A,24.0596
programacion-dinamica-contra-backtracking,238,45,59750,BT-A,229.096
programacion-dinamica-contra-backtracking,239,45,60000,BT-A,30.8623
programacion-dinamica-contra-backtracking,240,45,60250,BT-A,40.7741
programacion-dinamica-contra-backtracking,241,45,60500,BT-A,65.9386
programacion-dinamica-contra-backtracking,242,45,60750,BT-A,33.6506
programacion-dinamica-contra-backtracking,243,45,61000,BT-A,7.94917
programacion-dinamica-contra-backtracking,244,45,61250,BT-A,20.9154
programacion-dinamica-contra-backtracking,245,45,61500,BT-A,10.5961
programacion-dinamica-contra-backtracking,246,45,61750,BT-A,22.8892
programacion-dinamica-contra-backtracking,247,45,62000,BT-A,9.68335
programacion-dinamica-contra-backtracking,248,45,62250,BT-A,16.4403
programacion-dinamica-contra-backtracking,249,45,62500,BT-A,43.6373
programacion-dinamica-contra-backtracking,250,45,62750,BT-A,39.1464
programacion-dinamica-contra-backtracking,251,45,63000,BT-A,11.449
programacion-dinamica-contra-backtracking,252,45,63250,BT-A,31.1359
programacion-dinamica-contra-backtracking,253,45,63500,BT-A,21.4668
programacion-dinamica-contra-backtracking,254,45,63750,BT-A,6.59177
programacion-dinamica-contra-backtracking,255,45,64000,BT-A,25.8097
programacion-dinamica-contra-backtracking,256,45,64250,BT-A,111.78
programacion-dinamica-contra-backtracking,257,45,64500,BT-A,11.0398
programacion-dinamica-contra-backtracking,258,45,64750,BT-A,21.8251
programacion-dinamica-contra-backtracking,259,45,65000,BT-A,5.2843
programacion-dinamica-contra-backtracking,260,45,65250,BT-A,161.977
programacion-dinamica-contra-backtracking,261,45,65500,BT-A,3.82457
programacion-dinamica-contra-backtracking,262,45,65750,BT-A,30.1927
programacion-dinamica-contra-backtracking,263,45,66000,BT-A,18.3591
programacion-dinamica-contra-backtracking,264,45,66250,BT-A,23.1013
programacion-dinamica-contra-backtracking,265,45,66500,BT-A,54.7449
programacion-dinamica-contra-backtracking,266,45,66750,BT-A,20.9238
programacion-dinamica-contra-backtracking,267,45,67000,BT-A,9.20012
programacion-dinamica-contra-backtracking,268,45,67250,BT-A,17.2833
programacion-dinamica-contra-backtracking,269,45,67500,BT-A,142.634
programacion-dinamica-contra-backtracking,270,45,67750,BT-A,95.445
programacion-dinamica-contra-backtracking,271,45,68000,BT-A,35.2968
programacion-dinamica-contra-backtracking,272,45,68250,BT-A,30.1456
programacion-dinamica-contra-backtracking,273,45,68500,BT-A,50.9441
programacion-dinamica-contra-backtracking,274,45,68750,BT-A,36.206
programacion-dinamica-contra-backtracking,275,45,69000,BT-A,30.5074
programacion-dinamica-contra-backtracking,276,45,69250,BT-A,12.3456
programacion-dinamica-contra-backtracking,277,45,69500,BT-A,8.90715
programacion-dinamica-contra-backtracking,278,45,69750,BT-A,2.89355
programacion-dinamica-contra-backtracking,279,45,70000,BT-A,4.17655
programacion-dinamica-contra-backtracking,280,45,70250,BT-A,9.25166
programacion-dinamica-contra-backtracking,281,45,70500,BT-A,18.2039
programacion-dinamica-contra-backtracking,282,45,70750,BT-A,19.0063
programacion-dinamica-contra-backtracking,283,45,71000,BT-A,12.3324
programacion-dinamica-contra-backtracking,284,45,71250,BT-A,2.86796
programacion-dinamica-contra-backtracking,285,45,71500,BT-A,59.5134
programacion-dinamica-contra-backtracking,286,45,71750,BT-A,57.6066
programacion-dinamica-contra-backtracking,287,45,72000,BT-A,11.7303
programacion-dinamica-contra-backtracking,288,45,72250,BT-A,81.572
programacion-dinamica-contra-backtracking,289,45,72500,BT-A,214.63
programacion-dinamica-contra-backtracking,290,45,72750,BT-A,5.13785
programacion-dinamica-contra-backtracking,291,45,73000,BT-A,80.5227
programacion-dinamica-contra-backtracking,292,45,73250,BT-A,42.9517
programacion-dinamica-contra-backtracking,293,45,73500,BT-A,37.5474
programacion-dinamica-contra-backtracking,294,45,73750,BT-A,6.49815
programacion-dinamica-contra-backtracking,295,45,74000,BT-A,33.3667
programacion-dinamica-contra-backtracking,296,45,74250,BT-A,12.1738
programacion-dinamica-contra-backtracking,297,45,74500,BT-A,7.70576
programacion-dinamica-contra-backtracking,298,45,74750,BT-A,6.5968
programacion-dinamica-contra-backtracking,299,45,75000,BT-A,69.3467
programacion-dinamica-contra-backtracking,300,45,75250,BT-A,1.33149
programacion-dinamica-contra-backtracking,301,45,75500,BT-A,13.4903
programacion-dinamica-contra-backtracking,302,45,75750,BT-A,15.1477
programacion-dinamica-contra-backtracking,303,45,76000,BT-A,35.6966
programacion-dinamica-contra-backtracking,304,45,76250,BT-A,54.3972
programacion-dinamica-contra-backtracking,305,45,76500,BT-A,140.996
programacion-dinamica-contra-backtracking,306,45,76750,BT-A,55.919
programacion-dinamica-contra-backtracking,307,45,77000,BT-A,21.6731
programacion-dinamica-contra-backtracking,308,45,77250,BT-A,14.2793
programacion-dinamica-contra-backtracking,309,45,77500,BT-A,52.853
programacion-dinamica-contra-backtracking,310,45,77750,BT-A,45.5274
programacion-dinamica-contra-backtracking,311,45,78000,BT-A,14.2394
programacion-dinamica-contra-backtracking,312,45,78250,BT-A,216.685
programacion-dinamica-contra-backtracking,313,45,78500,BT-A,15.8035
programacion-dinamica-contra-backtracking,314,45,78750,BT-A,15.6493
programacion-dinamica-contra-backtracking,315,45,79000,BT-A,34.2501
programacion-dinamica-contra-backtracking,316,45,79250,BT-A,42.6968
programacion-dinamica-contra-backtracking,317,45,79500,BT-A,19.8021
programacion-dinamica-contra-backtracking,318,45,79750,BT-A,147.379
programacion-dinamica-contra-backtracking,319,45,80000,BT-A,4.27101
programacion-dinamica-contra-backtracking,320,45,80250,BT-A,39.0665
programacion-dinamica-contra-backtracking,321,45,80500,BT-A,3.40185
programacion-dinamica-contra-backtracking,322,45,80750,BT-A,16.0659
programacion-dinamica-contra-backtracking,323,45,81000,BT-A,6.29073
programacion-dinamica-contra-backtracking,324,45,81250,BT-A,14.3584
programacion-dinamica-contra-backtracking,325,45,81500,BT-A,58.0709
programacion-dinamica-contra-backtracking,326,45,81750,BT-A,26.4535
programacion-dinamica-contra-backtracking,327,45,82000,BT-A,8.53854
programacion-dinamica-contra-backtracking,328,45,82250,BT-A,139.706
programacion-dinamica-contra-backtracking,329,45,82500,BT-A,35.2267
programacion-dinamica-contra-backtracking,330,45,82750,BT-A,57.2655
programacion-dinamica-contra-backtracking,331,45,83000,BT-A,11.1451
programacion-dinamica-contra-backtracking,332,45,83250,BT-A,21.4845
programacion-dinamica-contra-backtracking,333,45,83500,BT-A,23.3517
programacion-dinamica-contra-backtracking,334,45,83750,BT-A,3.56761
programacion-dinamica-contra-backtracking,335,45,84000,BT-A,76.8922
programacion-dinamica-contra-backtracking,336,45,84250,BT-A,27.3966
programacion-dinamica-contra-backtracking,337,45,84500,BT-A,69.1542
programacion-dinamica-contra-backtracking,338,45,84750,BT-A,32.8917
programacion-dinamica-contra-backtracking,339,45,85000,BT-A,145.731
programacion-dinamica-contra-backtracking,340,45,85250,BT-A,4.60661
programacion-dinamica-contra-backtracking,341,45,85500,BT-A,79.8906
programacion-dinamica-contra-backtracking,342,45,85750,BT-A,4.11941
programacion-dinamica-contra-backtracking,343,45,86000,BT-A,37.5716
programacion-dinamica-contra-backtracking,344,45,86250,BT-A,4.6102
programacion-dinamica-contra-backtracking,345,45,86500,BT-A,21.7077
programacion-dinamica-contra-backtracking,346,45,86750,BT-A,14.4755
programacion-dinamica-contra-backtracking,347,45,87000,BT-A,7.59373
programacion-dinamica-contra-backtracking,348,45,87250,BT-A,73.3921
programacion-dinamica-contra-backtracking,349,45,87500,BT-A,27.5928
programacion-dinamica-contra-backtracking,350,45,87750,BT-A,23.8806
programacion-dinamica-contra-backtracking,351,45,88000,BT-A,23.7172
programacion-dinamica-contra-backtracking,352,45,88250,BT-A,39.8126
programacion-dinamica-contra-backtracking,353,45,88500,BT-A,50.0498
programacion-dinamica-contra-backtracking,354,45,88750,BT-A,115.254
programacion-dinamica-contra-backtracking,355,45,89000,BT-A,9.65274
programacion-dinamica-contra-backtracking,356,45,89250,BT-A,37.0276
programacion-dinamica-contra-backtracking,357,45,89500,BT-A,79.6881
programacion-dinamica-contra-backtracking,358,45,89750,BT-A,6.20292
programacion-dinamica-contra-backtracking,359,45,90000,BT-A,151.212
programacion-dinamica-contra-backtracking,360,45,90250,BT-A,83.6357
programacion-dinamica-contra-backtracking,361,45,90500,BT-A,77.1326
programacion-dinamica-contra-backtracking,362,45,90750,BT-A,89.5333
programacion-dinamica-contra-backtracking,363,45,91000,BT-A,71.2953
programacion-dinamica-contra-backtracking,364,45,91250,BT-A,39.7454
programacion-dinamica-contra-backtracking,365,45,91500,BT-A,13.8015
programacion-dinamica-contra-backtracking,366,45,91750,BT-A,19.6105
programacion-dinamica-contra-backtracking,367,45,92000,BT-A,8.99021
programacion-dinamica-contra-backtracking,368,45,92250,BT-A,32.9188
programacion-dinamica-contra-backtracking,369,45,92500,BT-A,281.85
programacion-dinamica-contra-backtracking,370,45,92750,BT-A,69.1612
programacion-dinamica-contra-backtracking,371,45,93000,BT-A,24.8323
programacion-dinamica-contra-backtracking,372,45,93250,BT-A,151.787
programacion-dinamica-contra-backtracking,373,45,93500,BT-A,68.8456
programacion-dinamica-contra-backtracking,374,45,93750,BT-A,22.1172
programacion-dinamica-contra-backtracking,375,45,94000,BT-A,29.724
programacion-dinamica-contra-backtracking,376,45,94250,BT-A,3.48208
programacion-dinamica-contra-backtracking,377,45,94500,BT-A,41.0612
programacion-dinamica-contra-backtracking,378,45,94750,BT-A,148.73
programacion-dinamica-contra-backtracking,379,45,95000,BT-A,1.12025
programacion-dinamica-contra-backtracking,380,45,95250,BT-A,34.3013
programacion-dinamica-contra-backtracking,381,45,95500,BT-A,4.67769
programacion-dinamica-contra-backtracking,382,45,95750,BT-A,76.0601
programacion-dinamica-contra-backtracking,383,45,96000,BT-A,2.77822
programacion-dinamica-contra-backtracking,384,45,96250,BT-A,3.76385
programacion-dinamica-contra-backtracking,385,45,96500,BT-A,5.03958
programacion-dinamica-contra-backtracking,386,45,96750,BT-A,27.4933
programacion-dinamica-contra-backtracking,387,45,97000,BT-A,105.839
programacion-dinamica-contra-backtracking,388,45,97250,BT-A,64.4137
programacion-dinamica-contra-backtracking,389,45,97500,BT-A,2.74466
programacion-dinamica-contra-backtracking,390,45,97750,BT-A,28.6255
programacion-dinamica-contra-backtracking,391,45,98000,BT-A,83.6533
programacion-dinamica-contra-backtracking,392,45,98250,BT-A,4.13922
programacion-dinamica-contra-backtracking,393,45,98500,BT-A,6.97145
programacion-dinamica-contra-backtracking,394,45,98750,BT-A,21.9105
programacion-dinamica-contra-backtracking,395,45,99000,BT-A,70.7822
programacion-dinamica-contra-backtracking,396,45,99250,BT-A,15.4643
programacion-dinamica-contra-backtracking,397,45,99500,BT-A,12.6354
programacion-dinamica-contra-backtracking,398,45,99750,BT-A,94.8958
programacion-dinamica-contra-backtracking,399,45,100000,BT-A,31.2153
programacion-dinamica-contra-backtracking,400,45,100250,BT-A,20.1308
programacion-dinamica-contra-backtracking,401,45,100500,BT-A,68.2937
programacion-dinamica-contra-backtracking,402,45,100750,BT-A,17.3366
programacion-dinamica-contra-backtracking,403,45,101000,BT-A,10.5768
programacion-dinamica-contra-backtracking,404,45,101250,BT-A,3.39092
programacion-dinamica-contra-backtracking,405,45,101500,BT-A,5.75429
programacion-dinamica-contra-backtracking,406,45,101750,BT-A,6.38927
programacion-dinamica-contra-backtracking,407,45,102000,BT-A,250.817
programacion-dinamica-contra-backtracking,408,45,102250,BT-A,14.5909
programacion-dinamica-contra-backtracking,409,45,102500,BT-A,210.148
programacion-dinamica-contra-backtracking,410,45,102750,BT-A,67.0198
programacion-dinamica-contra-backtracking,411,45,103000,BT-A,121.288
programacion-dinamica-contra-backtracking,412,45,103250,BT-A,13.0539
programacion-dinamica-contra-backtracking,413,45,103500,BT-A,27.4357
programacion-dinamica-contra-backtracking,414,45,103750,BT-A,7.79174
programacion-dinamica-contra-backtracking,415,45,104000,BT-A,6.99019
programacion-dinamica-contra-backtracking,416,45,104250,BT-A,43.5047
programacion-dinamica-contra-backtracking,417,45,104500,BT-A,5.92331
programacion-dinamica-contra-backtracking,418,45,104750,BT-A,27.2313
programacion-dinamica-contra-backtracking,419,45,105000,BT-A,7.03798
programacion-dinamica-contra-backtracking,420,45,105250,BT-A,11.2734
programacion-dinamica-contra-backtracking,421,45,105500,BT-A,30.3679
programacion-dinamica-contra-backtracking,422,45,105750,BT-A,20.8358
programacion-dinamica-contra-backtracking,423,45,106000,BT-A,48.0743
programacion-dinamica-contra-backtracking,424,45,106250,BT-A,51.6965
programacion-dinamica-contra-backtracking,425,45,106500,BT-A,200.375
programacion-dinamica-contra-backtracking,426,45,106750,BT-A,7.66877
programacion-dinamica-contra-backtracking,427,45,107000,BT-A,15.1605
programacion-dinamica-contra-backtracking,428,45,107250,BT-A,6.94774
programacion-dinamica-contra-backtracking,429,45,107500,BT-A,12.0413
programacion-dinamica-contra-backtracking,430,45,107750,BT-A,7.08052
programacion-dinamica-contra-backtracking,431,45,108000,BT-A,22.3434
programacion-dinamica-contra-backtracking,432,45,108250,BT-A,29.1921
programacion-dinamica-contra-backtracking,433,45,108500,BT-A,36.7001
programacion-dinamica-contra-backtracking,434,45,108750,BT-A,36.5356
programacion-dinamica-contra-backtracking,435,45,109000,BT-A,20.084
programacion-dinamica-contra-backtracking,436,45,109250,BT-A,6.77961
programacion-dinamica-contra-backtracking,437,45,109500,BT-A,5.63209
programacion-dinamica-contra-backtracking,438,45,109750,BT-A,53.3875
programacion-dinamica-contra-backtracking,439,45,110000,BT-A,62.2374
programacion-dinamica-contra-backtracking,440,45,110250,BT-A,39.0064
programacion-dinamica-contra-backtracking,441,45,110500,BT-A,6.9312
programacion-dinamica-contra-backtracking,442,45,110750,BT-A,5.15671
programacion-dinamica-contra-backtracking,443,45,111000,BT-A,65.3521
programacion-dinamica-contra-backtracking,444,45,111250,BT-A,17.5326
programacion-dinamica-contra-backtracking,445,45,111500,BT-A,49.9571
programacion-dinamica-contra-backtracking,446,45,111750,BT-A,12.3619
programacion-dinamica-contra-backtracking,447,45,112000,BT-A,12.3424
programacion-dinamica-contra-backtracking,448,45,112250,BT-A,14.1829
programacion-dinamica-contra-backtracking,449,45,112500,BT-A,87.5435
programacion-dinamica-contra-backtracking,450,45,112750,BT-A,52.9658
programacion-dinamica-contra-backtracking,451,45,113000,BT-A,29.0297
programacion-dinamica-contra-backtracking,452,45,113250,BT-A,14.2333
programacion-dinamica-contra-backtracking,453,45,113500,BT-A,31.464
programacion-dinamica-contra-backtracking,454,45,113750,BT-A,11.6911
programacion-dinamica-contra-backtracking,455,45,114000,BT-A,24.6824
programacion-dinamica-contra-backtracking,456,45,114250,BT-A,13.8523
programacion-dinamica-contra-backtracking,457,45,114500,BT-A,80.8373
programacion-dinamica-contra-backtracking,458,45,114750,BT-A,17.6643
programacion-dinamica-contra-backtracking,459,45,115000,BT-A,11.4673
programacion-dinamica-contra-backtracking,460,45,115250,BT-A,36.6707
programacion-dinamica-contra-backtracking,461,45,115500,BT-A,69.7776
programacion-dinamica-contra-backtracking,462,45,115750,BT-A,4.24412
programacion-dinamica-contra-backtracking,463,45,116000,BT-A,34.7848
programacion-dinamica-contra-backtracking,464,45,116250,BT-A,22.8117
programacion-dinamica-contra-backtracking,465,45,116500,BT-A,16.5122
programacion-dinamica-contra-backtracking,466,45,116750,BT-A,25.0558
programacion-dinamica-contra-backtracking,467,45,117000,BT-A,100.86
programacion-dinamica-contra-backtracking,468,45,117250,BT-A,46.9185
programacion-dinamica-contra-backtracking,469,45,117500,BT-A,17.7772
programacion-dinamica-contra-backtracking,470,45,117750,BT-A,30.4746
programacion-dinamica-contra-backtracking,471,45,118000,BT-A,24.6031
programacion-dinamica-contra-backtracking,472,45,118250,BT-A,20.1804
programacion-dinamica-contra-backtracking,473,45,118500,BT-A,10.8189
programacion-dinamica-contra-backtracking,474,45,118750,BT-A,36.3101
programacion-dinamica-contra-backtracking,475,45,119000,BT-A,9.85879
programacion-dinamica-contra-backtracking,476,45,119250,BT-A,22.1696
programacion-dinamica-contra-backtracking,477,45,119500,BT-A,10.5005
programacion-dinamica-contra-backtracking,478,45,119750,BT-A,21.26
programacion-dinamica-contra-backtracking,479,45,120000,BT-A,20.2287
programacion-dinamica-contra-backtracking,480,45,120250,BT-A,7.38694
programacion-dinamica-contra-backtracking,481,45,120500,BT-A,289.637
programacion-dinamica-contra-backtracking,482,45,120750,BT-A,39.8168
programacion-dinamica-contra-backtracking,483,45,121000,BT-A,23.7751
programacion-dinamica-contra-backtracking,484,45,121250,BT-A,8.34932
programacion-dinamica-contra-backtracking,485,45,121500,BT-A,55.3826
programacion-dinamica-contra-backtracking,486,45,121750,BT-A,4.51376
programacion-dinamica-contra-backtracking,487,45,122000,BT-A,16.3363
programacion-dinamica-contra-backtracking,488,45,122250,BT-A,42.862
programacion-dinamica-contra-backtracking,489,45,122500,BT-A,33.6957
programacion-dinamica-contra-backtracking,490,45,122750,BT-A,122.044
programacion-dinamica-contra-backtracking,491,45,123000,BT-A,8.09911
programacion-dinamica-contra-backtracking,492,45,123250,BT-A,28.3783
programacion-dinamica-contra-backtracking,493,45,123500,BT-A,41.5207
programacion-dinamica-contra-backtracking,494,45,123750,BT-A,3.93935
programacion-dinamica-contra-backtracking,495,45,124000,BT-A,46.5714
programacion-dinamica-contra-backtracking,496,45,124250,BT-A,10.5947
programacion-dinamica-contra-backtracking,497,45,124500,BT-A,81.0481
programacion-dinamica-contra-backtracking,498,45,124750,BT-A,93.0762
programacion-dinamica,1,500,1000,DP,16.1921
programacion-dinamica,2,500,1500,DP,25.7563
programacion-dinamica,3,500,2000,DP,35.6988
programacion-dinamica,4,500,2500,DP,44.5118
programacion-dinamica,5,500,3000,DP,54.6748
programacion-dinamica,6,500,3500,DP,64.7598
programacion-dinamica,7,500,4000,DP,74.485
programacion-dinamica,8,500,4500,DP,84.3129
programacion-dinamica,9,500,5000,DP,91.8647
programacion-dinamica,10,500,5500,DP,103.495
programacion-dinamica,11,500,6000,DP,111.126
programacion-dinamica,12,500,6500,DP,121.818
programacion-dinamica,13,500,7000,DP,131.8
programacion-dinamica,14,500,7500,DP,139.008
programacion-dinamica,15,500,8000,DP,150.741
programacion-dinamica,16,500,8500,DP,158.813
programacion-dinamica,17,500,9000,DP,170.873
programacion-dinamica,18,500,9500,DP,174.537
programacion-dinamica,19,1000,500,DP,13.369
programacion-dinamica,20,1000,1000,DP,31.174
programacion-dinamica,21,1000,1500,DP,50.8462
programacion-dinamica,22,1000,2000,DP,71.4218
programacion-dinamica,23,1000,2500,DP,91.4195
programacion-dinamica,24,1000,3000,DP,113.962
programacion-dinamica,25,1000,3500,DP,130.796
programacion-dinamica,26,1000,4000,DP,155.838
programacion-dinamica,27,1000,4500,DP,171.848
programacion-dinamica,28,1000,5000,DP,193.789
programacion-dinamica,29,1000,5500,DP,218.122
programacion-dinamica,30,1000,6000,DP,233.096
programacion-dinamica,31,1000,6500,DP,258.593
programacion-dinamica,32,1000,7000,DP,272.541
programacion-dinamica,33,1000,7500,DP,297.02
programacion-dinamica,34,1000,8000,DP,323.671
programacion-dinamica,35,1000,8500,DP,342.433
programacion-dinamica,36,1000,9000,DP,354.26
programacion-dinamica,37,1000,9500,DP,389.013
programacion-dinamica,38,1500,500,DP,17.9662
programacion-dinamica,39,1500,1000,DP,44.6335
programacion-dinamica,40,1500,1500,DP,76.1157
programacion-dinamica,41,1500,2000,DP,105.796
programacion-dinamica,42,1500,2500,DP,137.561
programacion-dinamica,43,1500,3000,DP,171.967
programacion-dinamica,44,1500,3500,DP,202.655
programacion-dinamica,45,1500,4000,DP,231.277
programacion-dinamica,46,1500,4500,DP,265.361
programacion-dinamica,47,1500,5000,DP,303.29
programacion-dinamica,48,1500,5500,DP,336.098
programacion-dinamica,49,1500,6000,DP,381.071
programacion-dinamica,50,1500,6500,DP,404.931
programacion-dinamica,51,1500,7000,DP,418.515
programacion-dinamica,52,1500,7500,DP,464.358
programacion-dinamica,53,1500,8000,DP,507.016
programacion-dinamica,54,1500,8500,DP,546.705
programacion-dinamica,55,1500,9000,DP,582.993
programacion-dinamica,56,1500,9500,DP,621.891
programacion-dinamica,57,2000,500,DP,24.1779
programacion-dinamica,58,2000,1000,DP,56.1928
programacion-dinamica,59,2000,1500,DP,93.9759
programacion-dinamica,60,2000,2000,DP,137.417
programacion-dinamica,61,2000,2500,DP,181.096
programacion-dinamica,62,2000,3000,DP,226.345
programacion-dinamica,63,2000,3500,DP,257.879
programacion-dinamica,64,2000,4000,DP,320.089
programacion-dinamica,65,2000,4500,DP,357.436
programacion-dinamica,66,2000,5000,DP,402.514
programacion-dinamica,67,2000,5500,DP,463.854
programacion-dinamica,68,2000,6000,DP,499.59
programacion-dinamica,69,2000,6500,DP,536.971
programacion-dinamica,70,2000,7000,DP,586.965
programacion-dinamica,71,2000,7500,DP,621.826
programacion-dinamica,72,2000,8000,DP,676.042
programacion-dinamica,73,2000,8500,DP,726.266
programacion-dinamica,74,2000,9000,DP,804.389
programacion-dinamica,75,2000,9500,DP,798.569
programacion-dinamica,76,2500,500,DP,28.5284
programacion-dinamica,77,2500,1000,DP,68.7077
programacion-dinamica,78,2500,1500,DP,115.998
programacion-dinamica,79,2500,2000,DP,169.426
programacion-dinamica,80,2500,2500,DP,224.425
programacion-dinamica,81,2500,3000,DP,276.604
programacion-dinamica,82,2500,3500,DP,334.902
programacion-dinamica,83,2500,4000,DP,389.837
programacion-dinamica,84,2500,4500,DP,457.283
programacion-dinamica,85,2500,5000,DP,511.144
programacion-dinamica,86,2500,5500,DP,586.573
programacion-dinamica,87,2500,6000,DP,632.572
programacion-dinamica,88,2500,6500,DP,666.154
programacion-dinamica,89,2500,7000,DP,729.687
programacion-dinamica,90,2500,7500,DP,800.37
programacion-dinamica,91,2500,8000,DP,849.261
programacion-dinamica,92,2500,8500,DP,916.533
programacion-dinamica,93,2500,9000,DP,1002.2
programacion-dinamica,94,2500,9500,DP,1004.57
programacion-dinamica,95,3000,500,DP,36.0914
programacion-dinamica,96,3000,1000,DP,78.7556
programacion-dinamica,97,3000,1500,DP,133.748
programacion-dinamica,98,3000,2000,DP,197.666
programacion-dinamica,99,3000,2500,DP,251.404
programacion-dinamica,100,3000,3000,DP,322.513
programacion-dinamica,101,3000,3500,DP,395.842
programacion-dinamica,102,3000,4000,DP,460.788
programacion-dinamica,103,3000,4500,DP,536.165
programacion-dinamica,104,3000,5000,DP,596.688
programacion-dinamica,105,3000,5500,DP,691.391
programacion-dinamica,106,3000,6000,DP,740.227
programacion-dinamica,107,3000,6500,DP,819.491
programacion-dinamica,108,3000,7000,DP,885.923
programacion-dinamica,109,3000,7500,DP,956.919
programacion-dinamica,110,3000,8000,DP,1046.85
programacion-dinamica,111,3000,8500,DP,1135.2
programacion-dinamica,112,3000,9000,DP,1202.53
programacion-dinamica,113,3000,9500,DP,1273.48
programacion-dinamica,114,3500,500,DP,40.7799
programacion-dinamica,115,3500,1000,DP,93.3802
programacion-dinamica,116,3500,1500,DP,151.847
programacion-dinamica,117,3500,2000,DP,224.386
programacion-dinamica,118,3500,2500,DP,297.177
programacion-dinamica,119,3500,3000,DP,372.024
programacion-dinamica,120,3500,3500,DP,442.311
programacion-dinamica,121,3500,4000,DP,530.365
programacion-dinamica,122,3500,4500,DP,621.383
programacion-dinamica,123,3500,5000,DP,670.299
programacion-dinamica,124,3500,5500,DP,792.709
programacion-dinamica,125,3500,6000,DP,859.805
programacion-dinamica,126,3500,6500,DP,956.326
programacion-dinamica,127,3500,7000,DP,1057.34
programacion-dinamica,128,3500,7500,DP,1148.12
programacion-dinamica,129,3500,8000,DP,1234.62
programacion-dinamica,130,3500,8500,DP,1318.09
programacion-dinamica,131,3500,9000,DP,1423.54
programacion-dinamica,132,3500,9500,DP,1449.0
programacion-dinamica,133,4000,500,DP,46.579
programacion-dinamica,134,4000,1000,DP,105.982
programacion-dinamica,135,4000,1500,DP,167.044
programacion-dinamica,136,4000,2000,DP,250.222
programacion-dinamica,137,4000,2500,DP,328.084
programacion-dinamica,138,4000,3000,DP,411.46
programacion-dinamica,139,4000,3500,DP,490.444
programacion-dinamica,140,4000,4000,DP,592.008
programacion-dinamica,141,4000,4500,DP,695.056
programacion-dinamica,142,4000,5000,DP,790.512
programacion-dinamica,143,4000,5500,DP,891.589
programacion-dinamica,144,4000,6000,DP,975.13
programacion-dinamica,145,4000,6500,DP,1083.08
programacion-dinamica,146,4000,7000,DP,1209.9
programacion-dinamica,147,4000,7500,DP,1271.56
programacion-dinamica,148,4000,8000,DP,1431.16
programacion-dinamica,149,4000,8500,DP,1516.93
programacion-dinamica,150,4000,9000,DP,1600.15
programacion-dinamica,151,4000,9500,DP,1720.31
programacion-dinamica,152,4500,500,DP,51.8988
programacion-dinamica,153,4500,1000,DP,114.575
programacion-dinamica,154,4500,1500,DP,194.672
programacion-dinamica,155,4500,2000,DP,270.279
programacion-dinamica,156,4500,2500,DP,361.198
programacion-dinamica,157,4500,3000,DP,453.913
programacion-dinamica,158,4500,3500,DP,545.236
programacion-dinamica,159,4500,4000,DP,656.271
programacion-dinamica,160,4500,4500,DP,774.871
programacion-dinamica,161,4500,5000,DP,869.921
programacion-dinamica,162,4500,5500,DP,984.993
programacion-dinamica,163,4500,6000,DP,1087.9
programacion-dinamica,164,4500,6500,DP,1212.3
programacion-dinamica,165,4500,7000,DP,1345.45
programacion-dinamica,166,4500,7500,DP,1441.03
programacion-dinamica,167,4500,8000,DP,1579.47
programacion-dinamica,168,4500,8500,DP,1674.87
programacion-dinamica,169,4500,9000,DP,1794.92
programacion-dinamica,170,4500,9500,DP,1917.65
programacion-dinamica,171,5000,500,DP,59.2059
programacion-dinamica,172,5000,1000,DP,132.295
programacion-dinamica,173,5000,1500,DP,211.188
programacion-dinamica,174,5000,2000,DP,298.369
programacion-dinamica,175,5000,2500,DP,393.89
programacion-dinamica,176,5000,3000,DP,488.391
programacion-dinamica,177,5000,3500,DP,601.022
programacion-dinamica,178,5000,4000,DP,708.734
programacion-dinamica,179,5000,4500,DP,829.377
programacion-dinamica,180,5000,5000,DP,940.156
programacion-dinamica,181,5000,5500,DP,1105.76
programacion-dinamica,182,5000,6000,DP,1192.02
programacion-dinamica,183,5000,6500,DP,1314.97
programacion-dinamica,184,5000,7000,DP,1508.85
programacion-dinamica,185,5000,7500,DP,1602.34
programacion-dinamica,186,5000,8000,DP,1733.65
programacion-dinamica,187,5000,8500,DP,1850.82
programacion-dinamica,188,5000,9000,DP,2012.71
programacion-dinamica,189,5000,9500,DP,2128.68
programacion-dinamica,190,5500,500,DP,65.0497
programacion-dinamica,191,5500,1000,DP,143.894
programacion-dinamica,192,5500,1500,DP,228.392
programacion-dinamica,193,5500,2000,DP,323.587
programacion-dinamica,194,5500,2500,DP,429.135
programacion-dinamica,195,5500,3000,DP,529.929
programacion-dinamica,196,5500,3500,DP,649.223
programacion-dinamica,197,5500,4000,DP,787.76
programacion-dinamica,198,5500,4500,DP,902.287
programacion-dinamica,199,5500,5000,DP,1023.64
programacion-dinamica,200,5500,5500,DP,1175.87
programacion-dinamica,201,5500,6000,DP,1309.94
programacion-dinamica,202,5500,6500,DP,1428.9
programacion-dinamica,203,5500,7000,DP,1613.11
programacion-dinamica,204,5500,7500,DP,1760.57
programacion-dinamica,205,5500,8000,DP,1949.0
programacion-dinamica,206,5500,8500,DP,2068.96
programacion-dinamica,207,5500,9000,DP,2193.07
programacion-dinamica,208,5500,9500,DP,2342.25
programacion-dinamica,209,6000,500,DP,67.6335
programacion-dinamica,210,6000,1000,DP,153.535
programacion-dinamica,211,6000,1500,DP,253.992
programacion-dinamica,212,6000,2000,DP,351.222
programacion-dinamica,213,6000,2500,DP,459.404
programacion-dinamica,214,6000,3000,DP,589.078
programacion-dinamica,215,6000,3500,DP,705.444
programacion-dinamica,216,6000,4000,DP,839.396
programacion-dinamica,217,6000,4500,DP,979.53
programacion-dinamica,218,6000,5000,DP,1105.03
programacion-dinamica,219,6000,5500,DP,1291.78
programacion-dinamica,220,6000,6000,DP,1414.07
programacion-dinamica,221,6000,6500,DP,1563.54
programacion-dinamica,222,6000,7000,DP,1740.79
programacion-dinamica,223,6000,7500,DP,1900.03
programacion-dinamica,224,6000,8000,DP,2087.93
programacion-dinamica,225,6000,8500,DP,2214.74
programacion-dinamica,226,6000,9000,DP,2353.97
programacion-dinamica,227,6000,9500,DP,2543.86
programacion-dinamica,228,6500,500,DP,76.1279
programacion-dinamica,229,6500,1000,DP,170.761
programacion-dinamica,230,6500,1500,DP,269.682
programacion-dinamica,231,6500,2000,DP,376.897
programacion-dinamica,232,6500,2500,DP,501.795
programacion-dinamica,233,6500,3000,DP,621.866
programacion-dinamica,234,6500,3500,DP,757.258
programacion-dinamica,235,6500,4000,DP,907.566
programacion-dinamica,236,6500,4500,DP,1036.6
programacion-dinamica,237,6500,5000,DP,1184.77
programacion-dinamica,238,6500,5500,DP,1372.06
programacion-dinamica,239,6500,6000,DP,1504.83
programacion-dinamica,240,6500,6500,DP,1675.1
programacion-dinamica,241,6500,7000,DP,1876.34
programacion-dinamica,242,6500,7500,DP,2034.8
programacion-dinamica,243,6500,8000,DP,2256.46
programacion-dinamica,244,6500,8500,DP,2385.76
programacion-dinamica,245,6500,9000,DP,2586.29
programacion-dinamica,246,6500,9500,DP,2759.64
programacion-dinamica,247,7000,500,DP,82.4947
programacion-dinamica,248,7000,1000,DP,178.64
programacion-dinamica,249,7000,1500,DP,290.922
programacion-dinamica,250,7000,2000,DP,410.741
programacion-dinamica,251,7000,2500,DP,536.23
programacion-dinamica,252,7000,3000,DP,655.738
programacion-dinamica,253,7000,3500,DP,816.282
programacion-dinamica,254,7000,4000,DP,947.499
programacion-dinamica,255,7000,4500,DP,1107.02
programacion-dinamica,256,7000,5000,DP,1269.16
programacion-dinamica,257,7000,5500,DP,1451.69
programacion-dinamica,258,7000,6000,DP,1614.47
programacion-dinamica,259,7000,6500,DP,1793.05
programacion-dinamica,260,7000,7000,DP,1989.97
programacion-dinamica,261,7000,7500,DP,2199.89
programacion-dinamica,262,7000,8000,DP,2441.15
programacion-dinamica,263,7000,8500,DP,2613.05
programacion-dinamica,264,7000,9000,DP,2741.42
programacion-dinamica,265,7000,9500,DP,2913.67
programacion-dinamica,266,7500,500,DP,88.9887
programacion-dinamica,267,7500,1000,DP,192.839
programacion-dinamica,268,7500,1500,DP,312.839
programacion-dinamica,269,7500,2000,DP,427.185
programacion-dinamica,270,7500,2500,DP,569.588
programacion-dinamica,271,7500,3000,DP,713.737
programacion-dinamica,272,7500,3500,DP,864.9
programacion-dinamica,273,7500,4000,DP,1019.1
programacion-dinamica,274,7500,4500,DP,1164.35
programacion-dinamica,275,7500,5000,DP,1354.38
programacion-dinamica,276,7500,5500,DP,1564.34
programacion-dinamica,277,7500,6000,DP,1703.26
programacion-dinamica,278,7500,6500,DP,1903.45
programacion-dinamica,279,7500,7000,DP,2160.85
programacion-dinamica,280,7500,7500,DP,2271.97
programacion-dinamica,281,7500,8000,DP,2541.74
programacion-dinamica,282,7500,8500,DP,2725.08
programacion-dinamica,283,7500,9000,DP,3036.3
programacion-dinamica,284,7500,9500,DP,3181.04
programacion-dinamica,285,8000,500,DP,96.7198
programacion-dinamica,286,8000,1000,DP,205.91
programacion-dinamica,287,8000,1500,DP,335.13
programacion-dinamica,288,8000,2000,DP,457.863
programacion-dinamica,289,8000,2500,DP,602.831
programacion-dinamica,290,8000,3000,DP,745.067
programacion-dinamica,291,8000,3500,DP,914.924
programacion-dinamica,292,8000,4000,DP,1086.23
programacion-dinamica,293,8000,4500,DP,1261.45
programacion-dinamica,294,8000,5000,DP,1454.17
programacion-dinamica,295,8000,5500,DP,1609.6
programacion-dinamica,296,8000,6000,DP,1814.42
programacion-dinamica,297,8000,6500,DP,1989.58
programacion-dinamica,298,8000,7000,DP,2259.18
programacion-dinamica,299,8000,7500,DP,2432.6
programacion-dinamica,300,8000,8000,DP,2804.85
programacion-dinamica,301,8000,8500,DP,2920.93
programacion-dinamica,302,8000,9000,DP,3234.75
programacion-dinamica,303,8000,9500,DP,3268.5
programacion-dinamica,304,8500,500,DP,97.616
programacion-dinamica,305,8500,1000,DP,218.543
programacion-dinamica,306,8500,1500,DP,351.005
programacion-dinamica,307,8500,2000,DP,494.56
programacion-dinamica,308,8500,2500,DP,643.963
programacion-dinamica,309,8500,3000,DP,793.629
programacion-dinamica,310,8500,3500,DP,956.844
programacion-dinamica,311,8500,4000,DP,1134.87
programacion-dinamica,312,8500,4500,DP,1310.63
programacion-dinamica,313,8500,5000,DP,1508.22
programacion-dinamica,314,8500,5500,DP,1797.54
programacion-dinamica,315,8500,6000,DP,1909.52
programacion-dinamica,316,8500,6500,DP,2114.79
programacion-dinamica,317,8500,7000,DP,2410.78
programacion-dinamica,318,8500,7500,DP,2599.57
programacion-dinamica,319,8500,8000,DP,2902.88
programacion-dinamica,320,8500,8500,DP,3099.69
programacion-dinamica,321,8500,9000,DP,3309.66
programacion-dinamica,322,8500,9500,DP,3515.0
programacion-dinamica,323,9000,500,DP,109.921
programacion-dinamica,324,9000,1000,DP,233.319
programacion-dinamica,325,9000,1500,DP,365.536
programacion-dinamica,326,9000,2000,DP,516.578
programacion-dinamica,327,9000,2500,DP,668.015
programacion-dinamica,328,9000,3000,DP,832.887
programacion-dinamica,329,9000,3500,DP,1022.04
programacion-dinamica,330,9000,4000,DP,1203.65
programacion-dinamica,331,9000,4500,DP,1399.23
programacion-dinamica,332,9000,5000,DP,1590.14
programacion-dinamica,333,9000,5500,DP,1874.02
programacion-dinamica,334,9000,6000,DP,2047.65
programacion-dinamica,335,9000,6500,DP,2254.03
programacion-dinamica,336,9000,7000,DP,2469.79
programacion-dinamica,337,9000,7500,DP,2750.0
programacion-dinamica,338,9000,8000,DP,3014.88
programacion-dinamica,339,9000,8500,DP,3185.54
programacion-dinamica,340,9000,9000,DP,3603.49
programacion-dinamica,341,9000,9500,DP,3760.87
programacion-dinamica,342,9500,500,DP,118.388
programacion-dinamica,343,9500,1000,DP,249.699
programacion-dinamica,344,9500,1500,DP,395.143
programacion-dinamica,345,9500,2000,DP,552.207
programacion-dinamica,346,9500,2500,DP,719.286
programacion-dinamica,347,9500,3000,DP,880.781
programacion-dinamica,348,9500,3500,DP,1048.39
programacion-dinamica,349,9500,4000,DP,1248.02
programacion-dinamica,350,9500,4500,DP,1465.92
programacion-dinamica,351,9500,5000,DP,1661.78
programacion-dinamica,352,9500,5500,DP,1962.75
programacion-dinamica,353,9500,6000,DP,2096.63
programacion-dinamica,354,9500,6500,DP,2352.69
programacion-dinamica,355,9500,7000,DP,2693.9
programacion-dinamica,356,9500,7500,DP,2936.9
programacion-dinamica,357,9500,8000,DP,3284.97
programacion-dinamica,358,9500,8500,DP,3430.23
programacion-dinamica,359,9500,9000,DP,3799.67
programacion-dinamica,360,9500,9500,DP,3852.75
